<?xml version="1.0" encoding="UTF-8" standalone="yes"?>
<addon id="plugin.video.palantir3" name="[COLOR gold]Palantir 3[/COLOR]" version="3.1.3" provider-name="The Lords Of Flix">
  <requires>
    <import addon="xbmc.python" version="3.0.0"/>
    <import addon="script.module.inputstreamhelper" version="0.5.0"/>
    <import addon="script.module.pycryptodome" version="3.4.3"/>
    <import addon="script.module.requests"/>
  </requires>

  <extension point="xbmc.python.pluginsource" library="default.py">
    <provides>video</provides>
  </extension>
  <extension point="xbmc.python.library" library="default.py"/>

  <extension point="kodi.context.item">
      <menu id="kodi.core.main">
        <item library="context.py">
          <label>[COLOR gold]Menú Palantir 3...[/COLOR]</label>
          <visible>String.Contains(ListItem.FolderPath,palantir3)</visible>
        </item>
      </menu>
  </extension>

  <extension point="xbmc.addon.repository" name="Palantir 3 official Repo">
    <dir minversion="19.0.0">
        <info compressed="false">https://palantir.5g.in/Repo/addons.xml</info>
        <checksum>https://palantir.5g.in/Repo/addons.xml.md5</checksum>
        <datadir zip="true">https://palantir.5g.in/Repo/</datadir>
    </dir>
  </extension>

  <extension point="xbmc.addon.metadata">
    <description>Visualiza el contenido de la nube, series, películas.[CR][COLOR red]Todo el contenido disponible en este Addon esta sacado de servidores gratuitos, disponible en la red para todos los usuarios.[/COLOR]</description>
    <disclaimer>Este es un software [COLOR red][B]gratuito[/B][/COLOR][CR][COLOR red][B]Pero no se permite[/B][/COLOR] su distribuición preinstalada en ningún tipo de dispositivo ni tampoco su inclusión total o parcial en cualquier paquete de software y/o hardware por el que el usuario final deba [COLOR red][B]pagar o hacer una donación[/B][/COLOR], por su adquisición, por su uso o por recibir asistencia.[CR]Si cree que alguna de estas normas no se está cumpliendo póngase en contacto con nosotros.</disclaimer>
    <platform>all</platform>
    <assets>
        <icon>icon.png</icon>
        <fanart>fanart.gif</fanart>
        <screenshot>resources/media/Captura1.png</screenshot>
        <screenshot>resources/media/Captura2.png</screenshot>
        <screenshot>resources/media/Captura3.png</screenshot>
        <screenshot>resources/media/Captura4.png</screenshot>
    </assets>
    <forum>https://t.me/addon_palantir</forum>
  </extension>
</addon>
