<?xml version="1.0" encoding="UTF-8"?>
<window type="dialog" id="1195">
    <zorder>9999</zorder>
    <visible>Skin.HasSetting(DebugInfo)</visible>
    <controls>
        <include content="Object_Control" condition="Skin.HasSetting(DebugInfo)">
            <param name="control">group</param>
            <control type="grouplist">
                <align>top</align>
                <orientation>vertical</orientation>
                <include content="Overlay_InfoLabel">
                    <label> --system.currentcontrolid: $INFO[System.CurrentControlID,, | ]$INFO[System.CurrentControl,, | ]$INFO[System.CurrentWindow]</label>
                    <textcolor>yellowgreen</textcolor>
                </include>
                <include content="Overlay_InfoLabel">
                    <label> --slide.container: $INFO[Window(Home).Property(Slide.WidgetInfoStyle),style: , ]$INFO[Window(Home).Property(Slide.WidgetContainer),container: , ]</label>
                    <textcolor>yellowgreen</textcolor>
                </include>
                <include content="Overlay_InfoLabel">
                    <label> --ListItem.Trailer: $INFO[ListItem.Trailer]</label>
                    <textcolor>yellowgreen</textcolor>
                </include>

            </control>
            <control type="grouplist">
                <align>bottom</align>
                <orientation>vertical</orientation>
                <include>testers</include>
                <include content="Overlay_InfoLabel">
                    <label> --content.dbtype:$INFO[Container.Content, container: , |]$INFO[ListItem.DBType, listitem: ,]$INFO[ListItem.Property(tmdb_type), (,)]$INFO[Container(99950).ListItem.DBType, | TMDbHelper: , ]$INFO[Container(99950).ListItem.Property(TMDB_Type),(,)]</label>
                    <textcolor>cyan</textcolor>
                </include>
                <include content="Overlay_InfoLabel">
                    <label> --container.folderpath: $INFO[Container.FolderPath] </label>
                    <textcolor>magenta</textcolor>
                </include>
                <include content="Overlay_InfoLabel">
                    <label> --listitem.folderpath: $INFO[ListItem.FolderPath] </label>
                    <textcolor>blueviolet</textcolor>
                </include>
            </control>
        </include>
    </controls>
</window>