<?xml version="1.0" encoding="UTF-8"?>
<includes>
	<include name="View_51_Poster">
		<control type="button" id="20000">
			<description>Dummy button to get animations right (hide focusedlayout on animations)</description>
			<include>HiddenObject</include>
			<animation effect="fade" delay="500" time="0" start="100" end="0">Visible</animation>
			<animation effect="fade" delay="500" time="0" start="100" end="0">WindowOpen</animation>
			<onclick>noop</onclick>
			<visible>Control.IsVisible(51)</visible>
		</control>
		<control type="group">
			<description>Poster Viewtype</description>
			<centertop>50%</centertop>
			<height>720</height>
			<control type="image">
				<left>0</left>
				<top>40</top>
				<width>100%</width>
				<height>410</height>
				<animation effect="fade" start="0" end="100" time="300">WindowOpen</animation>
				<animation effect="fade" start="100" end="0" time="300">WindowClose</animation>
				<animation effect="fade" time="200">VisibleChange</animation>
				<texture colordiffuse="E6FFFFFF">dialogs/dialog-bg-nobo.png</texture>
				<visible>Control.IsVisible(51)</visible>
			</control>
			<control type="group">
				<visible>Control.IsVisible(51)</visible>
				<include>Visible_Right</include>
				<include>OpenClose_Right</include>
				<control type="fixedlist" id="51">
					<left>0</left>
					<top>0</top>
					<width>110%</width>
					<height>704</height>
					<focusposition>1</focusposition>
					<movement>0</movement>
					<pagecontrol>5199</pagecontrol>
					<scrolltime tween="cubic" easing="out">500</scrolltime>
					<orientation>horizontal</orientation>
					<onleft>51</onleft>
					<onup>9000</onup>
					<ondown>5199</ondown>
					<onright>51</onright>
					<hitrect x="100" y="0" w="800" h="400" />
					<visible>$EXP[Vista51]</visible>
					<preloaditems>1</preloaditems>
					<viewtype label="20021">icon</viewtype>
					<itemlayout width="317">
						<control type="group">
							<left>-220</left>
							<top>50</top>
							<include content="InfoWallMovieLayout"><param name="Derecha" value="250"/></include>
						</control>
					</itemlayout>
					<focusedlayout width="490">
						<control type="group">
							<include>botonFocusedLayoutVARs</include>
							<control type="group">
								<left>-220</left>
								<top>40</top>
								<visible>Container.OnScrollPrevious</visible>
								<visible>Control.IsVisible(20000)</visible>
								<animation effect="fade" time="200" start="100" end="0">Hidden</animation>
								<include content="InfoWallMovieLayout"><param name="Derecha" value="250"/><param name="focused" value="true"/></include>
							</control>
							<control type="group">
								<left>-40</left>
								<top>40</top>
								<visible>Container.OnScrollNext</visible>
								<visible>Control.IsVisible(20000)</visible>
								<animation effect="fade" time="200" start="100" end="0">Hidden</animation>
								<include content="InfoWallMovieLayout"><param name="Derecha" value="250"/><param name="focused" value="true"/></include>
							</control>
						</control>
					</focusedlayout>
				</control>
				<control type="group">
					<top>25</top>
					<control type="group">
						<left>635</left>
						<top>480</top>
						<height>245</height>
						<visible>ListItem.IsCollection + String.IsEmpty(ListItem.PlotOutline) + String.IsEmpty(ListItem.Plot)</visible>
						<include content="InfoList">
							<param name="bottom" value="0" />
							<param name="sortby" value="year" />
							<param name="sortorder" value="ascending" />
							<param name="font" value="font13" />
						</include>
					</control>
					<control type="image">
						<left>645</left>
						<top>435</top>
						<width>32</width>
						<height>32</height>
						<texture>$VAR[ListWatchedIconVar]</texture>
					</control>
					<control type="label">
						<font>font45_title</font>
						<left>695</left>
						<top>400</top>
						<right>50</right>
						<height>40</height>
						<label>$INFO[ListItem.Label]$VAR[ListSubLabelVar]</label>
						<shadowcolor>sombra_texto</shadowcolor>
						<visible>String.IsEmpty(ListItem.Property(P3Titulo))</visible>
					</control>

					<control type="label">
						<description>Titulo P3</description>
						<label>$INFO[ListItem.Property(P3Titulo)]</label>
						<height>10%</height>
						<width max="50%">auto</width>
						<wrapmultiline>5%</wrapmultiline>
						<font>font30_title</font>
						<top>420</top>
						<left>695</left>
						<align>left</align>
						<aligny>center</aligny>
						<centerleft>10%</centerleft>
						<visible>!String.IsEmpty(ListItem.Property(P3Titulo))</visible>
					</control>

					<control type="label">
						<description>Titulo episodio</description>
						<label>[COLOR amarillopalantir]$VAR[InfoVista505TempEpi] $INFO[ListItem.Title][/COLOR]</label>
						<font>font24_title</font>
						<top>460</top>
						<left>695</left>
						<width max="50%">auto</width>
						<visible>String.IsEqual(ListItem.DbType,episode)</visible>
					</control>

					<control type="textbox">
						<left>645</left>
						<top>490</top>
						<height>250</height>
						<right>115</right>
						<font>font30_narrow</font>
						<autoscroll time="3000" delay="7000" repeat="5000">!System.HasActiveModalDialog + Skin.HasSetting(AutoScroll)</autoscroll>
						<label>$VAR[PlotTextBoxVar]</label>
						<shadowcolor>sombra_texto</shadowcolor>
						<visible>![ListItem.IsCollection + String.IsEmpty(ListItem.PlotOutline) + String.IsEmpty(ListItem.Plot)]</visible>
					</control>
				</control>
			</control>
		</control>
		<control type="group">
			<visible>Control.IsVisible(51)</visible>
				<control type="group">
					<centerleft>50%</centerleft>
					<width>1920</width>
					<include content="Clearlogo" condition="!Skin.HasSetting(MostrarClearlogoOtrasVistas)">
						<param name="left">32%</param>
						<param name="align">center</param>
						<param name="visible">Skin.HasSetting(MostrarClearlogoOtrasVistas)</param>
					</include>
				</control>
				<include content="Genero" >
					<param name="visible">true</param>
					<param name="top">88%</param>
				</include>

				<include content="Ratings" >
					<param name="visible">true</param>
					<param name="top">92%</param>
				</include>

				<include content="Infoline" >
					<param name="visible" value="true" />
					<param name="left">56%</param>
					<param name="top">92%</param>
					<param name="right">5%</param>
				</include>
		</control>
		<control type="group">
			<centertop>50%</centertop>
			<height>670</height>
			<left>101</left>
			<depth>DepthContentPopout</depth>
			<visible>Control.IsVisible(51)</visible>
			<include>OpenClose_Left</include>
			<include>Visible_Left</include>

			<control type="image">
				<left>4</left>
				<top>4</top>
				<width>476</width>
				<height>716</height>
				<fadetime>200</fadetime>
				<aspectratio>scale</aspectratio>
				<texture diffuse="Palantir/masks/poster.png" fallback="defaultvideo.png" background="true">$VAR[PosterThumbVar]</texture>
			</control>
			

			<control type="group">
				<visible>String.IsEqual(ListItem.DBtype,tvshow)</visible>
				<!-- <control type="image">
					<left>4</left>
					<top>670</top>
					<width>476</width>
					<height>50</height>
					<texture colordiffuse="CCFFFFFF">overlays/overlayfade.png</texture>
					<visible>!String.IsEmpty(ListItem.Art(poster))</visible>
				</control> -->
				<control type="label">
					<left>0</left>
					<top>690</top>
					<width>435</width>
					<height>24</height>
					<label>$INFO[ListItem.Property(WatchedEpisodes)]$INFO[ListItem.Property(TotalEpisodes), / ,]</label>
					<font>font20_title</font>
					<shadowcolor>sombra_texto</shadowcolor>
					<align>right</align>
					<aligny>center</aligny>
				</control>
				<!-- <control type="image">
					<left>445</left>
					<top>690</top>
					<width>24</width>
					<height>24</height>
					<texture>lists/played-total.png</texture>
					<align>right</align>
					<aligny>center</aligny>
				</control> -->
			</control>

			<control type="progress">
				<left>4</left>
				<top>702</top>
				<width>476</width>
				<height>1</height>
				<texturebg></texturebg>
				<midtexture colordiffuse="button_focus_flix" border="3">progress/texturebg_alt_white.png</midtexture>
				<info>ListItem.PercentPlayed</info>
				<visible>!Integer.IsEqual(ListItem.PercentPlayed,0)</visible>
			</control>
			<!-- <control type="image">
				<left>1</left>
				<top>1</top>
				<width>482</width>
				<height>721</height>
				<visible>Control.HasFocus(51)</visible>
				<animation effect="fade" time="100">VisibleChange</animation>
				<texture border="8" colordiffuse="button_focus">buttons/thumbnail_focused.png</texture>
			</control> -->
			<control type="group">
				<left>216</left>
				<top>-18</top>
				<include content="RatingCircle">
					<param name="animation" value="True" />
				</include>
			</control>
			<include content="BandaVistos">
				<param name="visible" value="Control.IsVisible(51)"/>
				<param name="top" value="5"/>
				<param name="Derecha" value="1340"/>
			</include>
			<control type="image">
				<left>0</left>
				<top>0</top>
				<width>480</width>
				<height>720</height>
				<texture  border="5" colordiffuse="button_focus">Palantir/background/$VAR[focoEstiloPalantir]</texture>
				<visible>$PARAM[focused]</visible>
				<include condition="$PARAM[focused]">Animation_FocusTextureFade</include>
			</control>
		</control>

	</include>
</includes>
