<?xml version="1.0" encoding="UTF-8"?>
<colors>
	<color name="primary_background">FF000000</color>
	<color name="secondary_background">FF000000</color>
	<color name="dialog_tint">FF1A2123</color>
	<color name="background">FF000000</color>
	<color name="bg_image">FF909090</color>
	<color name="bg_overlay">30FFFFFF</color>
	<color name="black">FF000000</color>
	<color name="white">FFF0F0F0</color>
	<color name="grey">FFA0A0A0</color>
	<color name="blue">FF7ACAFE</color>
	<color name="red">ffee2d1e</color>
	<color name="button_focus">ff008000</color>
	<color name="text_shadow">22000000</color>
	<color name="border_alpha">60FFFFFF</color>
	<color name="disabled">40FFFFFF</color>
	<color name="selected">FF11E7B1</color>
	<color name="invalid">FFFF0000</color>

	<!--Nuevos-->
	<color name="IconsMenuNoFocus">E62D2E2E</color>
	<color name="IconsMenuFocus">ff008000</color>
	<color name="vistoProgressSeason2">ff70964b</color>
	<color name="Visto">ff339933</color>
	<color name="Seguir">fffcf03c</color>
	<color name="Nuevo">ffee2d1e</color>
	<color name="dorado">ffcfda05</color>
	<color name="sombra_texto"></color>
	<color name="amarillopalantir">ff9bc063</color>
	<color name="amarilloProgressSeason2">ff80007f</color>
	<color name="malvapalantir">ff008000</color>
	<color name="button_focus_flix">ff80007f</color>
	<color name="azulpalantir">ff70964b</color>

	<color name="encabezadosSettings">ff80007f</color>
	<color name="subencabezadosSettings">ff70964b</color>
	<color name="warnSettings">ff9400d3</color>
	<color name="titulosVideos">ff008000</color>
	<color name="titulosEpisodios">ffa2cd48</color>
	<color name="titulosTemporadas">ff9400d3</color>
	<color name="temporadasEpisodios">ff99cc99</color>
	<color name="progress">ff80007f</color>
</colors>
