<?xml version="1.0" encoding="UTF-8"?>
<colors>
	<color name="primary_background">FF000000</color>
	<color name="secondary_background">FF000000</color>
	<color name="dialog_tint">FF1A2123</color>
	<color name="background">FF000000</color>
	<color name="bg_image">FF909090</color>
	<color name="bg_overlay">30FFFFFF</color>
	<color name="black">FF000000</color>
	<color name="white">FFF0F0F0</color>
	<color name="grey">FFA0A0A0</color>
	<color name="blue">FF7ACAFE</color>
	<color name="red">ffee2d1e</color>
	<color name="button_focus">CC4682B4</color>
	<color name="text_shadow">22000000</color>
	<color name="border_alpha">60FFFFFF</color>
	<color name="disabled">40FFFFFF</color>
	<color name="selected">DD86AFD8</color><!--FF11E7B1-->
	<color name="invalid">FFFF0000</color>

	<!--Nuevos-->
	<color name="IconsMenuNoFocus">E62D2E2E</color>
	<color name="IconsMenuFocus">CC4682B4</color>
	<color name="vistoProgressSeason2">FF4682B4</color><!--ff0ea859-->
	<color name="Visto">BB047e0d</color>
	<color name="Seguir">BBffd700</color>
	<color name="Nuevo">BBee2d1e</color>
	<color name="dorado">FF7080CD</color>
	<color name="sombra_texto">ff13130d</color>
	<color name="amarillopalantir">FFA0A0A0</color>
	<color name="amarilloProgressSeason2">FF12212d</color><!--ffbdba06-->
	<color name="malvapalantir">BB6A89A8</color>
	<color name="button_focus_flix">FF2A75B2</color>
	<color name="azulpalantir">CC4682B4</color>

	<color name="encabezadosSettings">DD86AFD8</color>
	<color name="subencabezadosSettings">B386AFD8</color>
	<color name="warnSettings">99EE2D1E</color>
	<color name="titulosVideos">FF4682B4</color>
	<color name="titulosEpisodios">FFFFFFFF</color>
	<color name="titulosTemporadas">ffffffff</color>
	<color name="temporadasEpisodios">99FFFFFF</color>
	<color name="progress">FF2A75B2</color>
</colors>
