<?xml version="1.0" encoding="UTF-8"?>
<window>
	<onload>SetProperty(CurrentSkin,skin.estuary.palantir,home)</onload>
	<onload>ClearProperty(WidgetRandom,home)</onload>
	<onload>SetProperty(WidgetRandom,$INFO[Container(9000).ListItem(0).Property(widgetPath)],home)</onload>
	<onload>RunScript(script.skinshortcuts,type=buildxml&amp;mainmenuID=9000&amp;group=mainmenu)</onload>
	<onload condition="String.IsEqual(Window(home).Property(startup),si) | !String.IsEqual(Window(home).Property(fullscreenPlay),si)">SetFocus(25000)</onload>
	<onload condition="String.IsEqual(Window(home).Property(startup),si)">ClearProperty(startup,home)</onload>
	<!-- <onload condition="!String.IsEqual(Window(home).Property(startup),si) + String.IsEqual(Window(home).Property(fullscreenPlay),si)">Control.SetFocus($INFO[Window(home).Property(Control_HasFocus)], $INFO[Window(home).Property(Control_HasFocusItem)],absolute)</onload> -->
	<!-- <onload condition="!String.IsEqual(Window(home).Property(startup),si) + String.IsEqual(Window(home).Property(fullscreenPlay),si)">ClearProperty(fullscreenPlay,home)</onload> -->
	
	<defaultcontrol>9000</defaultcontrol>
	<backgroundcolor>background</backgroundcolor>
	<controls>
		<control type="group" description="GeneralHome">
			<include>FullScreenDimensions</include>
			<animation effect="fade" start="100" end="0" time="200" tween="sine" condition="$EXP[infodialog_active]">Conditional</animation>
			<include>Visible_Fade</include>
			<include>skinshortcuts-template-PalantirSpotlight</include>
			
			<control type="image" description="ArtFullonNonWidgetPalantir">
				<texture background="true" colordiffuse="9AFFFFFF" >$VAR[FanartFull]</texture>
				<height>100%</height>
				<width>100%</width>
				<top>0</top>
				<right>0</right>
				<include>Claridad_Fanart</include>
				<visible>!$EXP[IsPalantir]  + !Player.Playing  </visible>
			</control>
			<control type="label">
				<label>$INFO[ListItem.Label]</label>
				<font>font45_title</font>
				<width>80%</width>
				<top>20%</top>
				<left>10%</left>
				<shadowcolor>sombra_texto</shadowcolor>
				<visible>!$EXP[WidgetPalantirEnMenu] + Integer.IsGreater(system.currentcontrolid,22000)</visible>
			</control>
				
			<control type="group" description="ContenedorSuperior">
				<visible>$EXP[WidgetPalantirEnMenu] + $EXP[IsPalantir]  + !String.IsEqual(Container(9000).ListItem.Property(widget),PalantirSpotlight)</visible>
				<control type="image" description="HomeArt">
					<texture background="true">$INFO[ListItem.Art(fanart)]</texture>
					<height>70%</height>
					<width>70%</width>
					<top>0</top>
					<right>0</right>
					<include>Claridad_Fanart</include>
					<visible>!Player.Playing</visible>
					<!-- <aspectratio align="right"  aligny="center">center</aspectratio> -->
				</control>
								

				<include content="AutoTrailerWindow">
					<param name="visible" value="$EXP[WidgetPalantirEnMenu] + Player.Playing"/>
				</include>

				<include content="NetflixDiffuse">
					<param name="visible" value="$EXP[WidgetPalantirEnMenu]" />
				</include>

				<include content="Clearlogo" condition="String.IsEqual(Skin.String(clearlogo.tamano),pequeno) | String.IsEmpty(Skin.String(clearlogo.tamano))">
					<param name="visible" value="Skin.HasSetting(OcultarClearLogo.10000)" />
				</include>
				<include content="Clearlogo" condition="String.IsEqual(Skin.String(clearlogo.tamano),mediano)">
					<param name="visible" value="Skin.HasSetting(OcultarClearLogo.10000)" />
					<param name="align" value="left" />
					<param name="width" value="50%" />
				</include>
				<include content="Clearlogo" condition="String.IsEqual(Skin.String(clearlogo.tamano),grande)">
					<param name="visible" value="Skin.HasSetting(OcultarClearLogo.10000)" />
					<param name="align" value="left" />
					<param name="width" value="80%" />
				</include>

				<include content="TituloConClearlogo">
						<param name="visible" value="$EXP[WidgetPalantirEnMenu] + !Skin.HasSetting(OcultarClearLogo.10000) + !Skin.HasSetting(OcultarTituloInfoAudioVideo.10000)" />
						<include>FadeConTrailer</include>
				</include>

				<include content="Infoline">
					<param name="visible" value="$EXP[WidgetPalantirEnMenu]" />
					<include>FadeConTrailer</include>
				</include>

				<include content="Plot">
					<param name="visible" value="$EXP[WidgetPalantirEnMenu]" />
					<param name="id" value="10000" />
					<include>FadeConTrailer</include>
				</include>
			
				<include content="Genero">
					<param name="visible" value="$EXP[WidgetPalantirEnMenu]" />
					<include>FadeConTrailer</include>
				</include>

				<include content="Ratings">
					<param name="visible" value="$EXP[WidgetPalantirEnMenu]" />
					<include>FadeConTrailer</include>
				</include>

			</control>

			<control type="group" description="ContenedorInferior"> 
				<visible>!String.IsEqual(Container(9000).ListItem.Property(widget),PalantirSpotlight)</visible>
                <height>60%</height>
                <width>100%</width>
                <bottom>0</bottom>
                <left>0</left>  
				<include>Visible_Fade</include>
				<control type="group" description="Widgets">
					<include>FadeConTrailer</include>
					<height>520</height>
					<width>100%</width>
					<bottom>0</bottom>
					<left>0</left>  
					<include>skinshortcuts-template-PersonalWidgetList</include>
					<include>skinshortcuts-template-Palantir10most</include>
					<include>skinshortcuts-template-PersonalWidgetListFavoritos</include>
					<include>skinshortcuts-template-PersonalWidgetPanel</include>
					<include>skinshortcuts-template-PersonalWidgetVariable</include>
					
				</control>
			</control>

			<!--Grupo de controles menu y widgets videoteca-->
			<control type="group">
				<animation effect="fade" start="100" end="0" time="200" tween="sine" condition="$EXP[infodialog_active]">Conditional</animation>
				<control type="group" id="2000">
					<!--PALANTIR- Distancia izque Bloques videoteca en home-->
					<left>20</left>
					<width>95%</width>
					<animation type="Conditional" condition="Control.IsVisible(20000)" reversible="false">
						<effect type="slide" end="0,20" time="60" tween="sine" />
						<effect type="slide" end="0,-20" time="180" tween="sine" delay="80" />
					</animation>
					<animation type="Conditional" condition="Control.IsVisible(20001)" reversible="false">
						<effect type="slide" end="0,-20" time="60" tween="sine" />
						<effect type="slide" end="0,20" time="180" tween="sine" delay="80" />
					</animation>
					<include>OpenClose_Right</include>

					<!--videoteca pelis-->
					<control type="group" id="5000">
						<visible>String.IsEqual(Container(9000).ListItem.Property(widget),movies)</visible>
						<include content="Visible_Right_Delayed">
							<param name="id" value="movies"/>
						</include>
						<control type="grouplist" id="5001">
							<include>WidgetGroupListCommon</include>
							<pagecontrol>5010</pagecontrol>
							<include content="WidgetListCategories" condition="Library.HasContent(movies) + !Skin.HasSetting(home_no_categories_widget)">
								<param name="content_path" value="library://video/movies/"/>
								<param name="additional_movie_items" value="true"/>
								<param name="widget_header" value="$LOCALIZE[31148]"/>
								<param name="widget_target" value="videos"/>
								<param name="list_id" value="5900"/>
							</include>
							<include content="WidgetListPoster" condition="Library.HasContent(movies)">
								<param name="content_path" value="special://skin/playlists/inprogress_movies.xsp"/>
								<param name="widget_header" value="$LOCALIZE[31010]"/>
								<param name="widget_target" value="videos"/>
								<param name="list_id" value="5100"/>
							</include>
							<include content="WidgetListPoster" condition="Library.HasContent(movies)">
								<param name="content_path" value="special://skin/playlists/recent_unwatched_movies.xsp"/>
								<param name="widget_header" value="$LOCALIZE[20386]"/>
								<param name="widget_target" value="videos"/>
								<param name="list_id" value="5200"/>
							</include>
							<include content="WidgetListPoster" condition="Library.HasContent(movies)">
								<param name="content_path" value="special://skin/playlists/unwatched_movies.xsp"/>
								<param name="widget_header" value="$LOCALIZE[31007]"/>
								<param name="widget_target" value="videos"/>
								<param name="list_id" value="5300"/>
							</include>
							<include content="WidgetListPoster" condition="Library.HasContent(movies)">
								<param name="content_path" value="special://skin/playlists/random_movies.xsp"/>
								<param name="widget_header" value="$LOCALIZE[31006]"/>
								<param name="widget_target" value="videos"/>
								<param name="list_id" value="5400"/>
							</include>
							<include content="WidgetListCategories" condition="Library.HasContent(movies)">
								<param name="content_path" value="videodb://movies/genres/"/>
								<param name="widget_header" value="$LOCALIZE[135]"/>
								<param name="widget_target" value="videos"/>
								<param name="list_id" value="5500"/>
								<param name="icon" value="$VAR[WidgetGenreIconVar]"/>
								<param name="icon_height" value="70"/>
							</include>
							<include content="WidgetListPoster" condition="Library.HasContent(movies)">
								<param name="content_path" value="videodb://movies/sets/"/>
								<param name="widget_header" value="$LOCALIZE[31075]"/>
								<param name="widget_target" value="videos"/>
								<param name="sortby" value="random"/>
								<param name="list_id" value="5600"/>
								<param name="onclick_condition" value="true"/>
								<param name="onclick_action" value="$VAR[MovieSetOnClickActionVar]"/>
							</include>
						</control>
						<include content="ImageWidget" condition="!Library.HasContent(movies)">
							<param name="text_label" value="$LOCALIZE[31104]" />
							<param name="button_label" value="$LOCALIZE[31110]" />
							<param name="button_onclick" value="ActivateWindow(videos,files,return)"/>
							<param name="button_id" value="5500"/>
							<param name="button2_onclick" value="Skin.SetBool(HomeMenuNoMovieButton)"/>
						</include>
						<include content="WidgetScrollbar" condition="Skin.HasSetting(touchmode)">
							<param name="scrollbar_id" value="5010"/>
						</include>
					</control>
					<!--videoteca series-->
					<control type="group" id="6000">
						<visible>String.IsEqual(Container(9000).ListItem.Property(widget),tvshows)</visible>
						<include content="Visible_Right_Delayed">
							<param name="id" value="tvshows"/>
						</include>
						<control type="grouplist" id="6001">
							<include>WidgetGroupListCommon</include>
							<pagecontrol>6010</pagecontrol>
							<include content="WidgetListCategories" condition="Library.HasContent(tvshows) + !Skin.HasSetting(home_no_categories_widget)">
								<param name="content_path" value="library://video/tvshows/"/>
								<param name="additional_tvshow_items" value="true"/>
								<param name="widget_header" value="$LOCALIZE[31148]"/>
								<param name="widget_target" value="videos"/>
								<param name="list_id" value="6900"/>
							</include>
							<include content="WidgetListPoster" condition="Library.HasContent(tvshows)">
								<param name="content_path" value="videodb://inprogresstvshows"/>
								<param name="sortby" value="lastplayed"/>
								<param name="sortorder" value="descending"/>
								<param name="widget_header" value="$LOCALIZE[626]"/>
								<param name="widget_target" value="videos"/>
								<param name="list_id" value="6100"/>
								<param name="onclick_condition" value="true"/>
								<param name="onclick_action" value="$VAR[TVShowOnClickActionVar]"/>
							</include>
							<include content="WidgetListEpisodes" condition="Library.HasContent(tvshows)">
								<param name="content_path" value="special://skin/playlists/recent_unwatched_episodes.xsp"/>
								<param name="widget_header" value="$LOCALIZE[20387]"/>
								<param name="widget_target" value="videos"/>
								<param name="list_id" value="6200"/>
							</include>
							<include content="WidgetListPoster" condition="Library.HasContent(tvshows)">
								<param name="content_path" value="special://skin/playlists/unwatched_tvshows.xsp"/>
								<param name="widget_header" value="$LOCALIZE[31122]"/>
								<param name="widget_target" value="videos"/>
								<param name="list_id" value="6300"/>
								<param name="onclick_condition" value="true"/>
								<param name="onclick_action" value="$VAR[TVShowOnClickActionVar]"/>
							</include>
							<include content="WidgetListCategories" condition="Library.HasContent(tvshows)">
								<param name="content_path" value="videodb://tvshows/genres/"/>
								<param name="widget_header" value="$LOCALIZE[135]"/>
								<param name="widget_target" value="videos"/>
								<param name="list_id" value="6400"/>
								<param name="icon" value="$VAR[WidgetGenreIconVar]"/>
								<param name="icon_height" value="70"/>
							</include>
							<include content="WidgetListCategories" condition="Library.HasContent(tvshows)">
								<param name="content_path" value="videodb://tvshows/studios/"/>
								<param name="widget_header" value="$LOCALIZE[20388]"/>
								<param name="widget_target" value="videos"/>
								<param name="list_id" value="6500"/>
								<param name="icon" value="$VAR[WidgetStudioIconVar]"/>
								<param name="icon_height" value="70"/>
							</include>
						</control>
						<include content="ImageWidget" condition="!Library.HasContent(tvshows)">
							<param name="text_label" value="$LOCALIZE[31104]" />
							<param name="button_label" value="$LOCALIZE[31110]" />
							<param name="button_onclick" value="ActivateWindow(videos,files,return)"/>
							<param name="button_id" value="6400"/>
							<param name="button2_onclick" value="Skin.SetBool(HomeMenuNoTVShowButton)"/>
						</include>
						<include content="WidgetScrollbar" condition="Skin.HasSetting(touchmode)">
							<param name="scrollbar_id" value="6010"/>
						</include>
					</control>
					<!--videoteca musica-->
					<control type="group" id="7000">
						<visible>String.IsEqual(Container(9000).ListItem.Property(widget),music)</visible>
						<include content="Visible_Right_Delayed">
							<param name="id" value="music"/>
						</include>
						<control type="grouplist" id="7001">
							<include>WidgetGroupListCommon</include>
							<pagecontrol>7010</pagecontrol>
							<include content="WidgetListCategories" condition="Library.HasContent(music) + !Skin.HasSetting(home_no_categories_widget)">
								<param name="content_path" value="library://music/"/>
								<param name="widget_header" value="$LOCALIZE[31148]"/>
								<param name="widget_target" value="music"/>
								<param name="list_id" value="7900"/>
							</include>
							<include content="WidgetListSquare" condition="Library.HasContent(music)">
								<param name="content_path" value="musicdb://recentlyplayedalbums"/>
								<param name="widget_header" value="$LOCALIZE[517]"/>
								<param name="widget_target" value="music"/>
								<param name="list_id" value="7100"/>
								<param name="fallback_icon" value="DefaultMusicAlbums.png"/>
								<param name="onclick_condition" value="true"/>
								<param name="onclick_action" value="$VAR[AlbumOnClickActionVar]"/>
							</include>
							<include content="WidgetListSquare" condition="Library.HasContent(music)">
								<param name="content_path" value="musicdb://recentlyaddedalbums/"/>
								<param name="widget_header" value="$LOCALIZE[359]"/>
								<param name="widget_target" value="music"/>
								<param name="list_id" value="7200"/>
								<param name="fallback_icon" value="DefaultMusicAlbums.png"/>
								<param name="onclick_condition" value="true"/>
								<param name="onclick_action" value="$VAR[AlbumOnClickActionVar]"/>
							</include>
							<include content="WidgetListSquare" condition="Library.HasContent(music)">
								<param name="content_path" value="special://skin/playlists/random_albums.xsp"/>
								<param name="widget_header" value="$LOCALIZE[31012]"/>
								<param name="widget_target" value="music"/>
								<param name="list_id" value="7300"/>
								<param name="fallback_icon" value="DefaultMusicAlbums.png"/>
								<param name="onclick_condition" value="true"/>
								<param name="onclick_action" value="$VAR[AlbumOnClickActionVar]"/>
							</include>
							<include content="WidgetListSquare" condition="Library.HasContent(music)">
								<param name="content_path" value="special://skin/playlists/random_artists.xsp"/>
								<param name="widget_header" value="$LOCALIZE[31013]"/>
								<param name="widget_target" value="music"/>
								<param name="list_id" value="7400"/>
								<param name="fallback_icon" value="DefaultMusicArtists.png"/>
							</include>
							<include content="WidgetListSquare" condition="Library.HasContent(music)">
								<param name="content_path" value="special://skin/playlists/unplayed_albums.xsp"/>
								<param name="widget_header" value="$LOCALIZE[31014]"/>
								<param name="widget_target" value="music"/>
								<param name="list_id" value="7500"/>
								<param name="fallback_icon" value="DefaultMusicAlbums.png"/>
								<param name="onclick_condition" value="true"/>
								<param name="onclick_action" value="$VAR[AlbumOnClickActionVar]"/>
							</include>
							<include content="WidgetListSquare" condition="Library.HasContent(music)">
								<param name="content_path" value="special://skin/playlists/mostplayed_albums.xsp"/>
								<param name="widget_header" value="$LOCALIZE[31011]"/>
								<param name="widget_target" value="music"/>
								<param name="list_id" value="7600"/>
								<param name="fallback_icon" value="DefaultMusicAlbums.png"/>
								<param name="sortby" value="playcount"/>
								<param name="sortorder" value="descending"/>
								<param name="onclick_condition" value="true"/>
								<param name="onclick_action" value="$VAR[AlbumOnClickActionVar]"/>
							</include>
						</control>
						<include content="ImageWidget" condition="!Library.HasContent(music)">
							<param name="text_label" value="$LOCALIZE[31104]" />
							<param name="button_label" value="$LOCALIZE[31110]" />
							<param name="button_onclick" value="ActivateWindow(music,files)"/>
							<param name="button_id" value="7600"/>
							<param name="button2_onclick" value="Skin.SetBool(HomeMenuNoMusicButton)"/>
						</include>
						<include content="WidgetScrollbar" condition="Skin.HasSetting(touchmode)">
							<param name="scrollbar_id" value="7010"/>
						</include>
					</control>
					<!--videoteca addons-->
					<control type="group" id="8000">
						<visible>String.IsEqual(Container(9000).ListItem.Property(widget),addons)</visible>
						<include content="Visible_Right_Delayed">
							<param name="id" value="addons"/>
						</include>
						<control type="grouplist" id="8001">
							<include>WidgetGroupListCommon</include>
							<pagecontrol>8010</pagecontrol>
							<include content="WidgetListCategories" condition="!Skin.HasSetting(home_no_categories_widget)" >
								<param name="content_path" value="addons://"/>
								<param name="widget_header" value="$LOCALIZE[31148]"/>
								<param name="widget_target" value="addonbrowser"/>
								<param name="list_id" value="8900"/>
							</include>
							<include content="WidgetListSquare">
								<param name="content_path" value="addons://sources/video/"/>
								<param name="widget_header" value="$LOCALIZE[1037]"/>
								<param name="widget_target" value="videos"/>
								<param name="sortby" value="lastused"/>
								<param name="sortorder" value="descending"/>
								<param name="list_id" value="8100"/>
								<param name="fallback_icon" value="DefaultAddon.png"/>
							</include>
							<include content="WidgetListSquare">
								<param name="content_path" value="addons://sources/audio/"/>
								<param name="widget_header" value="$LOCALIZE[1038]"/>
								<param name="widget_target" value="music"/>
								<param name="sortby" value="lastused"/>
								<param name="sortorder" value="descending"/>
								<param name="list_id" value="8200"/>
								<param name="fallback_icon" value="DefaultAddon.png"/>
							</include>
							<include content="WidgetListSquare">
								<param name="content_path" value="addons://sources/game/"/>
								<param name="widget_header" value="$LOCALIZE[35049]"/>
								<param name="widget_target" value="games"/>
								<param name="sortby" value="lastused"/>
								<param name="sortorder" value="descending"/>
								<param name="list_id" value="8700"/>
								<param name="fallback_icon" value="DefaultAddonGame.png"/>
								<param name="visible" value="System.GetBool(gamesgeneral.enable)"/>
							</include>
							<include content="WidgetListSquare">
								<param name="content_path" value="addons://sources/executable/"/>
								<param name="widget_header" value="$LOCALIZE[1043]"/>
								<param name="widget_target" value="programs"/>
								<param name="sortby" value="lastused"/>
								<param name="sortorder" value="descending"/>
								<param name="list_id" value="8300"/>
								<param name="fallback_icon" value="DefaultAddon.png"/>
							</include>
							<include content="WidgetListSquare" condition="System.Platform.Android">
								<param name="content_path" value="androidapp://sources/apps/"/>
								<param name="widget_header" value="$LOCALIZE[20244]"/>
								<param name="widget_target" value="programs"/>
								<param name="sortby" value="lastused"/>
								<param name="sortorder" value="descending"/>
								<param name="list_id" value="8400"/>
								<param name="fallback_icon" value="DefaultAddon.png"/>
							</include>
							<include content="WidgetListSquare">
								<param name="content_path" value="addons://sources/image/"/>
								<param name="widget_header" value="$LOCALIZE[1039]"/>
								<param name="widget_target" value="pictures"/>
								<param name="sortby" value="lastused"/>
								<param name="sortorder" value="descending"/>
								<param name="list_id" value="8500"/>
							</include>
						</control>
						<include content="ImageWidget">
							<param name="text_label" value="$LOCALIZE[31119]" />
							<param name="button_label" value="$LOCALIZE[31118]" />
							<param name="button_onclick" value="ActivateWindow(addonbrowser)"/>
							<param name="button_id" value="8600"/>
							<param name="visible" value="!Integer.IsGreater(Container(8001).NumItems,0)"/>
							<param name="button2_onclick" value="Skin.SetBool(HomeMenuNoProgramsButton)"/>
						</include>
						<include content="WidgetScrollbar" condition="Skin.HasSetting(touchmode)">
							<param name="scrollbar_id" value="8010"/>
						</include>
					</control>
					<control type="group" id="11000">
						<visible>String.IsEqual(Container(9000).ListItem.Property(widget),video)</visible>
						<include content="Visible_Right_Delayed">
							<param name="id" value="video"/>
						</include>
						<control type="grouplist" id="11001">
							<include>WidgetGroupListCommon</include>
							<pagecontrol>11010</pagecontrol>
							<include content="WidgetListCategories">
								<param name="content_path" value="library://video/"/>
								<param name="widget_header" value="$LOCALIZE[31148]"/>
								<param name="widget_target" value="videos"/>
								<param name="list_id" value="11900"/>
							</include>
							<include content="WidgetListCategories">
								<param name="content_path" value="sources://video/"/>
								<param name="widget_header" value="$LOCALIZE[20094]"/>
								<param name="widget_target" value="videos"/>
								<param name="list_id" value="11100"/>
							</include>
							<include content="WidgetListCategories">
								<param name="content_path" value="special://videoplaylists/"/>
								<param name="widget_header" value="$LOCALIZE[136]"/>
								<param name="widget_target" value="videos"/>
								<param name="list_id" value="11200"/>
								<param name="icon" value="DefaultPlaylist.png"/>
							</include>
						</control>
						<include content="ImageWidget">
							<param name="text_label" value="$LOCALIZE[31105]" />
							<param name="button_label" value="$LOCALIZE[31110]" />
							<param name="button_onclick" value="ActivateWindow(videos,root)"/>
							<param name="button_id" value="11300"/>
							<param name="visible" value="!Integer.IsGreater(Container(11001).NumItems,0)"/>
							<param name="button2_onclick" value="Skin.SetBool(HomeMenuNoVideosButton)"/>
						</include>
						<include content="WidgetScrollbar" condition="Skin.HasSetting(touchmode)">
							<param name="scrollbar_id" value="11010"/>
						</include>
					</control>
					<control type="group" id="12000">
						<visible>String.IsEqual(Container(9000).ListItem.Property(widget),livetv)</visible>
						<include content="Visible_Right_Delayed">
							<param name="id" value="livetv"/>
						</include>
						<control type="grouplist" id="12001">
							<include>WidgetGroupListCommon</include>
							<pagecontrol>12010</pagecontrol>
							<include content="WidgetListCategories" condition="System.HasPVRAddon">
								<param name="content_path" value="pvr://tv/"/>
								<param name="widget_header" value="$LOCALIZE[31148]"/>
								<param name="list_id" value="12900"/>
							</include>
							<include content="WidgetListPVR" condition="System.HasPVRAddon">
								<param name="content_path" value="pvr://channels/tv/*?view=lastplayed"/>
								<param name="sortby" value="lastplayed"/>
								<param name="sortorder" value="descending"/>
								<param name="widget_header" value="$LOCALIZE[31016]"/>
								<param name="item_limit" value="15"/>
								<param name="list_id" value="12200"/>
								<param name="info_update" value="5000"/>
							</include>
							<include content="WidgetListPVR" condition="System.HasPVRAddon">
								<param name="content_path" value="pvr://recordings/tv/active?view=flat"/>
								<param name="sortby" value="date"/>
								<param name="sortorder" value="descending"/>
								<param name="widget_header" value="$LOCALIZE[31015]"/>
								<param name="item_limit" value="15"/>
								<param name="list_id" value="12300"/>
								<param name="label" value="$INFO[ListItem.Title]$INFO[ListItem.Date, (,)]"/>
								<param name="label2" value="$VAR[SeasonEpisodeLabel]$INFO[ListItem.EpisodeName]"/>
							</include>
							<include content="WidgetListPVR" condition="System.HasPVRAddon">
								<param name="content_path" value="pvr://timers/tv/timers/?view=hidedisabled"/>
								<param name="sortorder" value="ascending"/>
								<param name="sortby" value="date"/>
								<param name="widget_header" value="$LOCALIZE[19040]"/>
								<param name="widget_target" value="tvtimers"/>
								<param name="item_limit" value="15"/>
								<param name="list_id" value="12400"/>
								<param name="label" value="$INFO[ListItem.Title]$INFO[ListItem.Date, (,)]"/>
								<param name="label2" value="$VAR[SeasonEpisodeLabel]$INFO[ListItem.EpisodeName]"/>
							</include>
							<include content="WidgetListPVR" condition="System.HasPVRAddon">
								<param name="content_path" value="pvr://channels/tv"/>
								<param name="widget_header" value="$LOCALIZE[19173]"/>
								<param name="widget_target" value="tvguide"/>
								<param name="list_id" value="12500"/>
								<param name="item_treshold" value="1"/>
							</include>
							<include content="WidgetListPVR" condition="System.HasPVRAddon">
								<param name="content_path" value="pvr://search/tv/savedsearches"/>
								<param name="sortorder" value="descending"/>
								<param name="sortby" value="date"/>
								<param name="widget_header" value="$LOCALIZE[19337]"/>
								<param name="widget_target" value="tvsearch"/>
								<param name="list_id" value="12600"/>
							</include>
						</control>
						<include content="ImageWidget" condition="!System.HasPVRAddon">
							<param name="text_label" value="$LOCALIZE[31143]" />
							<param name="button_label" value="$LOCALIZE[31144]" />
							<param name="button_onclick" value="ActivateWindow(addonbrowser,addons://default_binary_addons_source/kodi.pvrclient,return)"/>
							<param name="button_id" value="12400"/>
							<param name="button2_onclick" value="Skin.SetBool(HomeMenuNoTVButton)"/>
						</include>
						<include content="WidgetScrollbar" condition="Skin.HasSetting(touchmode)">
							<param name="scrollbar_id" value="12010"/>
						</include>
					</control>
					<control type="group" id="13000">
						<visible>String.IsEqual(Container(9000).ListItem.Property(widget),radio)</visible>
						<include content="Visible_Right_Delayed">
							<param name="id" value="radio"/>
						</include>
						<control type="grouplist" id="13001">
							<include>WidgetGroupListCommon</include>
							<pagecontrol>13010</pagecontrol>
							<include content="WidgetListCategories" condition="System.HasPVRAddon">
								<param name="content_path" value="pvr://radio/"/>
								<param name="widget_header" value="$LOCALIZE[31148]"/>
								<param name="list_id" value="13900"/>
							</include>
							<include content="WidgetListPVR" condition="System.HasPVRAddon">
								<param name="content_path" value="pvr://channels/radio/*?view=lastplayed"/>
								<param name="sortby" value="lastplayed"/>
								<param name="sortorder" value="descending"/>
								<param name="widget_header" value="$LOCALIZE[31018]"/>
								<param name="item_limit" value="15"/>
								<param name="list_id" value="13200"/>
								<param name="info_update" value="5000"/>
							</include>
							<include content="WidgetListPVR" condition="System.HasPVRAddon">
								<param name="content_path" value="pvr://recordings/radio/active?view=flat"/>
								<param name="sortby" value="date"/>
								<param name="sortorder" value="descending"/>
								<param name="widget_header" value="$LOCALIZE[31015]"/>
								<param name="item_limit" value="15"/>
								<param name="list_id" value="13300"/>
								<param name="label" value="$INFO[ListItem.Title]$INFO[ListItem.Date, (,)]"/>
								<param name="label2" value="$VAR[SeasonEpisodeLabel]$INFO[ListItem.EpisodeName]"/>
							</include>
							<include content="WidgetListPVR" condition="System.HasPVRAddon">
								<param name="content_path" value="pvr://timers/radio/timers/?view=hidedisabled"/>
								<param name="sortorder" value="ascending"/>
								<param name="sortby" value="date"/>
								<param name="widget_header" value="$LOCALIZE[19040]"/>
								<param name="widget_target" value="radiotimers"/>
								<param name="item_limit" value="15"/>
								<param name="list_id" value="13400"/>
								<param name="label" value="$INFO[ListItem.Title]$INFO[ListItem.Date, (,)]"/>
								<param name="label2" value="$VAR[SeasonEpisodeLabel]$INFO[ListItem.EpisodeName]"/>
							</include>
							<include content="WidgetListPVR" condition="System.HasPVRAddon">
								<param name="content_path" value="pvr://channels/radio"/>
								<param name="widget_header" value="$LOCALIZE[19174]"/>
								<param name="widget_target" value="radioguide"/>
								<param name="list_id" value="13500"/>
								<param name="item_treshold" value="1"/>
							</include>
							<include content="WidgetListPVR" condition="System.HasPVRAddon">
								<param name="content_path" value="pvr://search/radio/savedsearches"/>
								<param name="sortorder" value="descending"/>
								<param name="sortby" value="date"/>
								<param name="widget_header" value="$LOCALIZE[19337]"/>
								<param name="widget_target" value="radiosearch"/>
								<param name="list_id" value="13600"/>
							</include>
						</control>
						<include content="ImageWidget" condition="!System.HasPVRAddon">
							<param name="text_label" value="$LOCALIZE[31143]" />
							<param name="button_label" value="$LOCALIZE[31144]" />
							<param name="button_onclick" value="ActivateWindow(addonbrowser,addons://default_binary_addons_source/kodi.pvrclient,return)"/>
							<param name="button_id" value="13400"/>
							<param name="button2_onclick" value="Skin.SetBool(HomeMenuNoRadioButton)"/>
						</include>
						<include content="WidgetScrollbar" condition="Skin.HasSetting(touchmode)">
							<param name="scrollbar_id" value="13010"/>
						</include>
					</control>
					<control type="group" id="14000">
						<visible>String.IsEqual(Container(9000).ListItem.Property(widget),favorites)</visible>
						<include content="Visible_Right_Delayed">
							<param name="id" value="favorites"/>
						</include>
						<control type="panel" id="14100">
							<left>65</left>
							<top>0</top>
							<right>0</right>
							<bottom>0</bottom>
							<onleft>9000</onleft>
							<onright>9000</onright>
							<onup>14100</onup>
							<ondown>14100</ondown>
							<onback>9000</onback>
							<preloaditems>2</preloaditems>
							<scrolltime tween="cubic" easing="out">500</scrolltime>
							<orientation>vertical</orientation>
							<pagecontrol>14010</pagecontrol>
							<visible>Integer.IsGreater(Container(14100).NumItems,0) | Container(14100).IsUpdating</visible>
							<itemlayout width="330" height="401">
								<control type="group">
									<top>130</top>
									<include content="InfoWallMusicLayout">
										<param name="fallback_image" value="DefaultFavourites.png" />
										<param name="focused" value="false" />
									</include>
								</control>
							</itemlayout>
							<focusedlayout width="330" height="401">
								<control type="group">
									<depth>DepthContentPopout</depth>
									<top>130</top>
									<animation effect="zoom" start="100" end="110" time="200" tween="sine" easing="inout" center="170,320">Focus</animation>
									<animation effect="zoom" start="110" end="100" time="200" tween="sine" easing="inout" center="170,320">UnFocus</animation>
									<include content="InfoWallMusicLayout">
										<param name="fallback_image" value="DefaultFavourites.png" />
										<param name="focused" value="true" />
									</include>
								</control>
							</focusedlayout>
							<content>favourites://</content>
						</control>
						<include content="ImageWidget">
							<param name="text_label" value="$LOCALIZE[31025]" />
							<param name="button_label" value="$LOCALIZE[31116]" />
							<param name="button_onclick" value=""/>
							<param name="button_id" value="5500"/>
							<param name="visible" value="!Integer.IsGreater(Container(14100).NumItems,0) + !Container(14100).IsUpdating"/>
							<param name="visible_1" value="false"/>
							<param name="button2_onclick" value="Skin.SetBool(HomeMenuNoFavButton)"/>
						</include>
						<include content="WidgetScrollbar" condition="Skin.HasSetting(touchmode)">
							<param name="scrollbar_id" value="14010"/>
						</include>
					</control>
					<control type="group" id="15000">
						<visible>String.IsEqual(Container(9000).ListItem.Property(widget),weather)</visible>
						<include content="Visible_Right_Delayed">
							<param name="id" value="weather"/>
						</include>
						<control type="grouplist" id="15001">
							<include>WidgetGroupListCommon</include>
							<pagecontrol>15010</pagecontrol>
							<control type="group" id="16678">
								<description>Weather info</description>
								<left>68</left>
								<right>70</right>
								<top>102</top>
								<height>360</height>
								<visible>!String.IsEmpty(Weather.plugin)</visible>
								<control type="image">
									<bottom>90</bottom>
									<width>100%</width>
									<texture border="21">dialogs/dialog-bg.png</texture>
								</control>
								<control type="label">
									<left>840</left>
									<top>60</top>
									<aligny>center</aligny>
									<height>24</height>
									<right>60</right>
									<align>right</align>
									<font>font30_title</font>
									<label>$INFO[Weather.Location]</label>
								</control>
								<control type="label">
									<left>840</left>
									<top>120</top>
									<aligny>center</aligny>
									<height>24</height>
									<right>60</right>
									<align>right</align>
									<font>font14</font>
									<label>$INFO[Weather.Conditions]</label>
								</control>
								<control type="label">
									<left>840</left>
									<top>180</top>
									<aligny>center</aligny>
									<height>24</height>
									<right>60</right>
									<align>right</align>
									<font>font14</font>
									<label>$INFO[Weather.Temperature]</label>
								</control>
								<control type="grouplist">
									<top>50</top>
									<left>50</left>
									<right>20</right>
									<orientation>horizontal</orientation>
									<align>left</align>
									<itemgap>-110</itemgap>
									<include content="WeatherIconHome" condition="!String.IsEmpty(Weather.Plugin)">
										<param name="label" value="Window(weather).Property(Current.Wind)" />
										<param name="texture" value="icons/weather/wind.png" />
										<param name="header" value="404" />
									</include>
									<include content="WeatherIconHome" condition="!String.IsEmpty(Weather.Plugin)">
										<param name="label" value="Window(weather).Property(Current.Humidity)" />
										<param name="texture" value="icons/weather/humidity.png" />
										<param name="header" value="406" />
									</include>
									<include content="WeatherIconHome" condition="!String.IsEmpty(Weather.Plugin)">
										<param name="label" value="Window(weather).Property(Current.Precipitation)" />
										<param name="texture" value="icons/weather/rain.png" />
										<param name="header" value="33021" />
									</include>
									<include content="WeatherIconHome" condition="!String.IsEmpty(Weather.Plugin)">
										<param name="label" value="Window(weather).Property(Today.Sunrise)" />
										<param name="texture" value="icons/weather/sunrise.png" />
										<param name="header" value="405" />
									</include>
									<include content="WeatherIconHome" condition="!String.IsEmpty(Weather.Plugin)">
										<param name="label" value="Window(weather).Property(Today.Sunset)" />
										<param name="texture" value="icons/weather/sunset.png" />
										<param name="header" value="403" />
									</include>
								</control>
							</control>
							<include content="WeatherWidget" condition="!String.IsEmpty(Weather.Plugin)">
								<param name="content_include" value="DailyItems" />
								<param name="list_id" value="15200" />
								<param name="widget_header" value="$LOCALIZE[31019]"/>
								<param name="visible" value="!String.IsEmpty(Window(weather).Property(Daily.IsFetched))" />
							</include>
							<include content="WeatherWidget" condition="!String.IsEmpty(Weather.Plugin)">
								<param name="content_include" value="HourlyItems" />
								<param name="list_id" value="15100" />
								<param name="widget_header" value="$LOCALIZE[33036]"/>
								<param name="visible" value="!String.IsEmpty(Window(weather).Property(Hourly.IsFetched))" />
							</include>
						</control>
						<include content="ImageWidget" condition="String.IsEmpty(Weather.plugin)">
							<param name="text_label" value="$LOCALIZE[31120]" />
							<param name="button_label" value="$LOCALIZE[31121]" />
							<param name="button_onclick" value="ActivateWindow(servicesettings,weather)"/>
							<param name="button_id" value="15300"/>
							<param name="button2_onclick" value="Skin.SetBool(HomeMenuNoWeatherButton)"/>
						</include>
						<include content="WidgetScrollbar" condition="Skin.HasSetting(touchmode)">
							<param name="scrollbar_id" value="15010"/>
						</include>
					</control>
					<control type="group" id="16000">
						<visible>String.IsEqual(Container(9000).ListItem.Property(widget),musicvideos)</visible>
						<include content="Visible_Right_Delayed">
							<param name="id" value="musicvideos"/>
						</include>
						<control type="grouplist" id="16001">
							<include>WidgetGroupListCommon</include>
							<pagecontrol>16010</pagecontrol>
							<include content="WidgetListCategories" condition="Library.HasContent(musicvideos) + !Skin.HasSetting(home_no_categories_widget)">
								<param name="content_path" value="library://video/musicvideos/"/>
								<param name="widget_header" value="$LOCALIZE[31148]"/>
								<param name="widget_target" value="videos"/>
								<param name="list_id" value="16900"/>
							</include>
							<include content="WidgetListEpisodes" condition="Library.HasContent(musicvideos) + !Skin.HasSetting(show_musicvideoposter)">
								<param name="content_path" value="videodb://recentlyaddedmusicvideos/"/>
								<param name="widget_header" value="$LOCALIZE[20390]"/>
								<param name="widget_target" value="videos"/>
								<param name="main_label" value="$INFO[ListItem.Label]" />
								<param name="sub_label" value="$INFO[ListItem.Artist]" />
								<param name="thumb_label" value="$INFO[ListItem.Year]" />
								<param name="fallback_image" value="DefaultMusicSongs.png" />
								<param name="list_id" value="16300"/>
							</include>
							<include content="WidgetListPoster" condition="Library.HasContent(musicvideos) + Skin.HasSetting(show_musicvideoposter)">
								<param name="content_path" value="videodb://recentlyaddedmusicvideos/"/>
								<param name="widget_header" value="$LOCALIZE[20390]"/>
								<param name="widget_target" value="videos"/>
								<param name="fallback_image" value="DefaultMusicSongs.png" />
								<param name="list_id" value="16300"/>
							</include>
							<include content="WidgetListEpisodes" condition="Library.HasContent(musicvideos) + !Skin.HasSetting(show_musicvideoposter)">
								<param name="content_path" value="special://skin/playlists/unwatched_musicvideos.xsp"/>
								<param name="widget_header" value="$LOCALIZE[31151]"/>
								<param name="widget_target" value="videos"/>
								<param name="main_label" value="$INFO[ListItem.Label]" />
								<param name="sub_label" value="$INFO[ListItem.Artist]" />
								<param name="thumb_label" value="$INFO[ListItem.Year]" />
								<param name="fallback_image" value="DefaultMusicSongs.png" />
								<param name="list_id" value="16400"/>
							</include>
							<include content="WidgetListPoster" condition="Library.HasContent(musicvideos) + Skin.HasSetting(show_musicvideoposter)">
								<param name="content_path" value="special://skin/playlists/unwatched_musicvideos.xsp"/>
								<param name="widget_header" value="$LOCALIZE[31151]"/>
								<param name="widget_target" value="videos"/>
								<param name="fallback_image" value="DefaultMusicSongs.png" />
								<param name="list_id" value="16400"/>
							</include>
							<include content="WidgetListSquare" condition="Library.HasContent(musicvideos)">
								<param name="content_path" value="special://skin/playlists/random_musicvideo_artists.xsp"/>
								<param name="widget_header" value="$LOCALIZE[31013]"/>
								<param name="widget_target" value="music"/>
								<param name="list_id" value="16200"/>
								<param name="widget_limit" value="10"/>
							</include>
							<include content="WidgetListEpisodes" condition="Library.HasContent(musicvideos) + !Skin.HasSetting(show_musicvideoposter)">
								<param name="content_path" value="special://skin/playlists/random_musicvideos.xsp"/>
								<param name="widget_header" value="$LOCALIZE[31152]"/>
								<param name="widget_target" value="videos"/>
								<param name="main_label" value="$INFO[ListItem.Label]" />
								<param name="sub_label" value="$INFO[ListItem.Artist]" />
								<param name="thumb_label" value="$INFO[ListItem.Year]" />
								<param name="fallback_image" value="DefaultMusicSongs.png" />
								<param name="list_id" value="16500"/>
							</include>
							<include content="WidgetListPoster" condition="Library.HasContent(musicvideos) + Skin.HasSetting(show_musicvideoposter)">
								<param name="content_path" value="special://skin/playlists/random_musicvideos.xsp"/>
								<param name="widget_header" value="$LOCALIZE[31152]"/>
								<param name="widget_target" value="videos"/>
								<param name="fallback_image" value="DefaultMusicSongs.png" />
								<param name="list_id" value="16500"/>
							</include>
							<include content="WidgetListCategories" condition="Library.HasContent(musicvideos)">
								<param name="content_path" value="videodb://musicvideos/studios/"/>
								<param name="widget_header" value="$LOCALIZE[20388]"/>
								<param name="widget_target" value="music"/>
								<param name="list_id" value="16600"/>
								<param name="icon" value="$VAR[WidgetStudioIconVar]"/>
								<param name="icon_height" value="70"/>
							</include>
						</control>
						<include content="ImageWidget" condition="!Library.HasContent(musicvideos)">
							<param name="text_label" value="$LOCALIZE[31104]" />
							<param name="button_label" value="$LOCALIZE[31110]" />
							<param name="button_onclick" value="ActivateWindow(videos,files,return)"/>
							<param name="button_id" value="16800"/>
							<param name="button2_onclick" value="Skin.SetBool(HomeMenuNoMusicVideoButton)"/>
						</include>
						<include content="WidgetScrollbar" condition="Skin.HasSetting(touchmode)">
							<param name="scrollbar_id" value="16010"/>
						</include>
					</control>
					<control type="group" id="4000">
						<visible>String.IsEqual(Container(9000).ListItem.Property(widget),pictures)</visible>
						<include content="Visible_Right_Delayed">
							<param name="id" value="pictures"/>
						</include>
						<control type="grouplist" id="4001">
							<include>WidgetGroupListCommon</include>
							<include content="WidgetListCategories" condition="!Skin.HasSetting(HomeMenuNoPicturesButton)">
								<param name="content_path" value="sources://pictures/"/>
								<param name="widget_header" value="$LOCALIZE[20094]"/>
								<param name="widget_target" value="pictures"/>
								<param name="list_id" value="4100"/>
								<param name="icon_height" value="110"/>
							</include>
						</control>
					</control>
					<control type="group" id="17000">
						<visible>String.IsEqual(Container(9000).ListItem.Property(widget),games)</visible>
						<include content="Visible_Right_Delayed">
							<param name="id" value="games"/>
						</include>
						<control type="grouplist" id="17001">
							<include>WidgetGroupListCommon</include>
							<pagecontrol>17010</pagecontrol>
							<include content="WidgetListSquare">
								<param name="content_path" value="addons://sources/game/"/>
								<param name="widget_header" value="$LOCALIZE[35049]"/>
								<param name="widget_target" value="games"/>
								<param name="sortby" value="lastused"/>
								<param name="sortorder" value="descending"/>
								<param name="list_id" value="17200"/>
								<param name="fallback_icon" value="DefaultAddonGame.png"/>
							</include>
						</control>
						<include content="ImageWidget">
							<param name="text_label" value="$LOCALIZE[31162]" />
							<param name="button_label" value="$LOCALIZE[31144]" />
							<param name="button_onclick" value="ActivateWindow(addonbrowser,addons://default_binary_addons_source/category.gameaddons,return)"/>
							<param name="button_id" value="17100"/>
							<param name="visible" value="!Integer.IsGreater(Container(17001).NumItems,0)"/>
							<param name="button2_onclick" value="Skin.SetBool(HomeMenuNoGamesButton)"/>
						</include>
						<include content="WidgetScrollbar" condition="Skin.HasSetting(touchmode)">
							<param name="scrollbar_id" value="17010"/>
						</include>
					</control>
					<control type="group" id="21000">
						<visible>String.IsEqual(Container(9000).ListItem.Property(widget),disc)</visible>
						<include content="Visible_Right_Delayed">
							<param name="id" value="disc"/>
						</include>
						<include content="ImageWidget">
							<param name="text_label" value="$INFO[System.DVDLabel]" />
							<param name="button_label" value="$LOCALIZE[341]" />
							<param name="button_onclick" value="PlayDisc"/>
							<param name="button_id" value="21100"/>
							<param name="visible" value="true"/>
							<param name="button2_label" value="$LOCALIZE[13391]"/>
							<param name="button2_onclick" value="EjectTray()"/>
							<param name="button3_label" value="$LOCALIZE[600]"/>
							<param name="button3_onclick" value="RipCD"/>
							<param name="visible_3" value="System.HasMediaAudioCD"/>
						</include>
					</control>
				</control>
				<!-- <include>skinshortcuts-template-PalantirSpotlight</include> -->
				<control type="group">
					<depth>DepthContentPanel</depth>
					<include>OpenClose_Left</include>
					<!--PALANTIR: bkg menu-->
					<control type="image">
						<include>animacionMenu</include>
						<texture >Palantir/overlays/menubgdiff3.png</texture>
						<bordersize>00</bordersize>
						<width>140%</width>
						<left>0</left>
						<right></right>
						<height>120%</height>		
					</control>
					<control type="group">
						<visible>$EXP[FocusMenu]</visible>
					<include>LogoSp</include>
					</control>
					
					<control type="fixedlist" id="9000">
						<hitrect x="0" y="300" w="150" h="500" />
						<onback>700</onback>
						<height>60%</height>
						<left>1%</left>
						<top>30%</top>
						<width max="420">auto</width>
						<bottom>-10</bottom>
						<movement>7</movement>
						<focusposition>0</focusposition>
						<onfocus>ClearProperty(listposition,home)</onfocus>
						<onright condition="String.IsEqual(Container(9000).ListItem.Property(widget),disc)">21000</onright>
						<onright condition="String.IsEqual(Container(9000).ListItem.Property(widget),movies)">5000</onright>
						<onright condition="String.IsEqual(Container(9000).ListItem.Property(widget),tvshows)">6000</onright>
						<onright condition="String.IsEqual(Container(9000).ListItem.Property(widget),music)">7000</onright>
						<onright condition="String.IsEqual(Container(9000).ListItem.Property(widget),musicvideos)">16000</onright>
						<onright condition="String.IsEqual(Container(9000).ListItem.Property(widget),livetv)">12000</onright>
						<onright condition="String.IsEqual(Container(9000).ListItem.Property(widget),radio)">13000</onright>
						<onright condition="String.IsEqual(Container(9000).ListItem.Property(widget),games)">17000</onright>
						<onright condition="String.IsEqual(Container(9000).ListItem.Property(widget),addons)">8000</onright>
						<onright condition="String.IsEqual(Container(9000).ListItem.Property(widget),pictures)">4000</onright>
						<onright condition="String.IsEqual(Container(9000).ListItem.Property(widget),video)">11000</onright>
						<onright condition="String.IsEqual(Container(9000).ListItem.Property(widget),favorites)">14000</onright>
						<onright condition="String.IsEqual(Container(9000).ListItem.Property(widget),wheather)">15000</onright>
						<onright condition="String.IsEqual(Container(9000).ListItem.Property(widget),PersonalWidgetList)">22000</onright>
						<onright condition="String.IsEqual(Container(9000).ListItem.Property(widget),PersonalWidgetPanel)">23000</onright>
						<onright condition="String.IsEqual(Container(9000).ListItem.Property(widget),PalantirSpotlight)">25000</onright>
						<onright condition="String.IsEqual(Container(9000).ListItem.Property(widget),PersonalWidgetListFavoritos)">26000</onright>
						<onright condition="String.IsEqual(Container(9000).ListItem.Property(widget),Palantir10most)">27000</onright>

						<onup>700</onup>
						<ondown>700</ondown>
						<scrolltime tween="cubic" easing="out">500</scrolltime>
						<focusedlayout height="60">
							<include content="botonFocusedLayoutVARs"><param name="list_id" value="9000"/> </include>
							<control type="image">
								<texture colordiffuse="FFFFFFFF" background="true">$INFO[ListItem.Icon]</texture>
								<height>40</height>
								<width>40</width>
								<top>10</top>
								<left>1%</left>
								<visible>Control.HasFocus(9000)  | ControlGroup(700).hasFocus()</visible>
							</control>
							<control type="image">
								<texture colordiffuse="IconsMenuFocus" background="true">$INFO[ListItem.Icon]</texture>
								<height>40</height>
								<width>40</width>
								<top>10</top>
								<left>1%</left>
								<visible>!$EXP[FocusMenu] | Control.HasFocus(9000)</visible>
							</control>
							<control type="button">
								<description>My first button control</description>
								<visible>$EXP[FocusMenu]</visible>
								<left>12%</left>
								<top>0</top>
								<align>left</align>
								<aligny>center</aligny>
								<width max="470">auto</width>
								<height>60</height>
								<visible>true</visible>
								<textoffsetx>0</textoffsetx>
								<colordiffuse>FFFFFFFF</colordiffuse>
								<texturefocus colordiffuse="button_focus_flix">Palantir/lists/focus2.png</texturefocus>
								<texturenofocus colordiffuse="button_focus_flix"/>
								<label>$INFO[Container(9000).ListItem.Label]</label>
								<font>font25_title</font>
								<textcolor>FFFFFFFF</textcolor>
								<focusedcolor>button_focus</focusedcolor>
								<disabledcolor>80FFFFFF</disabledcolor>
								<invalidcolor>FFFFFFFF</invalidcolor>	
							</control>

						</focusedlayout>
						<itemlayout height="60">		
							<control type="image">
								<texture colordiffuse="IconsMenuNoFocus" background="true">$INFO[ListItem.Icon]</texture>
								<height>40</height>
								<width>40</width>
								<top>10</top>
								<left>1%</left>
								<visible>!Control.HasFocus(9000) + !ControlGroup(700).hasFocus()</visible>
							</control>
							<control type="image">
								<texture colordiffuse="FFFFFFFF" background="true">$INFO[ListItem.Icon]</texture>
								<height>40</height>
								<width>40</width>
								<top>10</top>
								<left>1%</left>
								<visible>Control.HasFocus(9000) | ControlGroup(700).hasFocus()</visible>
							</control>
							<control type="label">
								<label>$INFO[Container(9000).ListItem.Label]</label>
								<height>2%</height>
								<width>80%</width>
								<align>left</align>
								<top>10</top>
								<left>12%</left>
								<font>font25_title</font>
								<visible>$EXP[FocusMenu]</visible>
							</control>
						</itemlayout>
						<content>
							<include>skinshortcuts-mainmenu</include>
						</content>
						
					</control>

					<!--PALANTIR MENU APAGADO-->
					<control type="grouplist" id="700">
							<include>animacionMenu</include>
							<visible>Control.hasfocus(44444) | $EXP[FocusMenu]</visible>
							<orientation>horizontal</orientation>
							<itemgap>60</itemgap>
							<left>10</left>
							<width>360</width>
							<height>250</height>
							<top>200</top>
							<onup>SetFocus(9000,99,absolute)</onup>
							<ondown>SetFocus(9000,0,absolute)</ondown>
							<onright>2000</onright>
							<align>center</align>
							
							<control type="button" id="804">
								<hitrect x="0" y="0" w="100" h="120" />
								<width>40</width>
								<focusedcolor>button_focus_flix</focusedcolor>
								<include content="DefaultSettingButton">
									<param name="texture" value="icons/power.png"/>
									<param name="texturenofocus" value="icons/power.png"/>
									<param name="colordiffuse" value="IconsMenuFocus" />
									<param name="colordiffusenofocus" value="white" />
									<param name="height" value="40" />
								</include>
								<onclick>Quit()</onclick>
							</control>

							<control type="button" id="802">
								<hitrect x="0" y="0" w="100" h="120" />
								<width>40</width>
								<focusedcolor>button_focus_flix</focusedcolor>
								<include content="DefaultSettingButton">
									<param name="texture" value="icons/settings.png"/>
									<param name="texturenofocus" value="icons/settings.png"/>
									<param name="colordiffuse" value="IconsMenuFocus" />
									<param name="colordiffusenofocus" value="white" />
									<param name="height" value="40" />
								</include>
								<onclick>ActivateWindow(settings)</onclick>
							</control>

							<control type="button" id="6801">
								<hitrect x="0" y="0" w="100" h="120" />	
								<width>40</width>
								<focusedcolor>button_focus_flix</focusedcolor>
								<include content="DefaultSettingButton">
									<param name="texture" value="Palantir/iconsmenu/buscar.png"/>
									<param name="texturenofocus" value="Palantir/iconsmenu/buscar.png"/>
									<param name="colordiffuse" value="IconsMenuFocus" />
									<param name="colordiffusenofocus" value="white" />
									<param name="height" value="40" />
								</include>
								<onclick>ActivateWindow(1107)</onclick>									
							</control>

							<control type="button" id="803">
								<hitrect x="0" y="0" w="100" h="120" />	
								<width>40</width>
								<focusedcolor>button_focus_flix</focusedcolor>
								<include content="DefaultSettingButton">
									<param name="texture" value="icons/now-playing/fullscreen.png"/>
									<param name="texturenofocus" value="icons/now-playing/fullscreen.png"/>
									<param name="colordiffuse" value="IconsMenuFocus" />
									<param name="colordiffusenofocus" value="white" />
									<param name="height" value="40" />
								</include>
								<onclick>FullScreen</onclick>		
								<visible>Player.HasMedia</visible>							
							</control>
						</control>

				</control>
				<include condition="$EXP[ActivarBarraInferior]">BottomBar</include>
				<!-- <control type="group">
					<depth>DepthBars</depth>
					<bottom>0</bottom>
					<height>70</height>
					<visible>Skin.HasSetting(MostrarMediaFlags)</visible>
					<animation effect="fade" start="0" end="100" time="300" delay="300">WindowOpen</animation>
					<animation effect="fade" start="100" end="0" time="200">WindowClose</animation>
					<control type="rss">
						<animation effect="slide" end="0,90" time="300" tween="sine" easing="inout" condition="$EXP[infodialog_active]">conditional</animation>
						<left>0</left>
						<bottom>0</bottom>
						<height>39</height>
						<width>100%</width>
						<font>font12</font>
						<urlset>1</urlset>
						<hitrect x="-100" y="0" w="1" h="1" />
						<titlecolor>button_focus</titlecolor>
						<textcolor>button_focus</textcolor>
						<shadowcolor>sombra_texto</shadowcolor>
						<headlinecolor>FFC0C0C0</headlinecolor>
						<visible>!Skin.HasSetting(MostrarMediaFlags) | !ControlGroup(2000).HasFocus</visible>
						<animation effect="fade" time="300">VisibleChange</animation>
					</control>
				</control> -->

				<!--PALANTIR: barra superior con la hora-->
				<include content="TopBar2" condition="$EXP[ActivarBarraSuperior]"> 
					<param name="breadcrumbs_label" value="" />
				</include>
			</control>
		</control>
	</controls>
</window>
