<?xml version="1.0" encoding="UTF-8"?>
<window>
	<onload condition="$EXP[IsPalantir] + !Skin.HasSetting(contextEstiloPalantir)">RunScript(plugin.video.palantir3, None, &contextMenu=$INFO[Window(home).Property(Control_HasFocusFP)])</onload>
	
	<defaultcontrol>996</defaultcontrol>
	<include>Animation_DialogPopupOpenClose</include>
	<include>FullScreenDimensions</include>
	<coordinates>
		<origin x="35%" y="30%"/>
		<left>0</left>
		<top>0</top>
	</coordinates>
	<controls> 
		 <control type="image">
			<left>-1920</left>
			<top>-1080</top>
			<width>5760</width>
			<height>3240</height>
			<animation effect="fade" start="0" end="100" time="300">WindowOpen</animation>
			<animation effect="fade" start="100" end="0" time="200">WindowClose</animation>
			<texture colordiffuse="B0FFFFFF">colors/black.png</texture>
			
		</control>
		<control type="button">
			<left>-1920</left>
			<top>-1080</top>
			<width>5760</width>
			<height>3240</height>
			<texturefocus />
			<texturenofocus />
			<onclick>Action(close)</onclick>
		</control>

		<control type="group">
			<visible>!$EXP[IsPalantir] | Skin.HasSetting(contextEstiloPalantir)</visible>
			<width>600</width>
			<height>400</height>
			<animation effect="slide" end="0,175" time="0" condition="Window.IsActive(home)">conditional</animation>

			<control type="group">
				<width>600</width>
				<height>400</height>
				<control type="image" id="999">
					<texture diffuse="Palantir/masks/dialog-bg-squareish.png" colordiffuse="dialog_tint">Palantir/masks/dialog-bg-squareish.png</texture>
					<texture colordiffuse="dialog_tint">Palantir/background/box-borde.png</texture>
					<width>600</width>
					<height>400</height>
				</control>
				

				 <control type="grouplist" id="996">
					<description>grouplist for context buttons</description>
					<width>80%</width>
					<height>100%</height>
					<centerleft>50%</centerleft>
					<centertop>50%</centertop>
					<scroll>true</scroll>
					<usecontrolcoords>true</usecontrolcoords>
					
				</control>
			</control>
			<include content="UpDownArrows">
				<param name="container_id" value="996" />
				<param name="posx" value="260" />
				<param name="up_posy" value="-30" />
				<param name="down_posy" value="405" />
			</include>			
		</control> 
		<include content="BusySpinner">
			<param name="visible" value="$EXP[IsPalantir] + !Skin.HasSetting(contextEstiloPalantir)"/>
			<param name="posy" value="150"/>
			<param name="posx" value="250"/>
			<param name="list_id" value="100000"/>
		</include>
				
		<control type="button" id="1000">		
			<description>button template</description>
			<top></top>
			<left>10</left>
			<font>font25_title</font>
			<width max="600">auto</width>
			<height>50</height>
			<focusedcolor>button_focus</focusedcolor>
			<texturefocus colordiffuse="button_focus_flix">Palantir/lists/focus2.png</texturefocus>
			<texturenofocus />
			<align>center</align>
		</control>
	</controls>
</window>
