<?xml version="1.0" encoding="UTF-8"?>
<includes>
	<include name="WidgetGroupListCommon">
		<orientation>vertical</orientation>
		<height>100%</height>
		<left condition="Skin.HasSetting(touchmode)">80</left>
		<left>50</left>
		<top>0</top>
		<scrolltime tween="cubic" easing="out">500</scrolltime>
		<!-- <itemgap>-120</itemgap> -->
		<itemgap>-85</itemgap>
		<!-- <onup>20000</onup>
		<ondown>20001</ondown> -->
		<coordinates>
			<origin x="0" y="0"/>
			<left>0</left>
			<top>0</top>
		</coordinates>
		<hitrect x="70" y="-150" w="1800" h="600" />
					<!-- <hitrectcolor>blue</hitrectcolor> -->
		<!-- <usecontrolcoords>true</usecontrolcoords> -->
	</include>
	<include name="WidgetGroupListCommon2">
		<orientation>vertical</orientation>
		<height>100%</height>
		<left>70</left>
		<top>40</top>
		<scrolltime tween="cubic" easing="out">500</scrolltime>
		<itemgap>-20</itemgap>
		<onup>20000</onup>
		<ondown>20001</ondown>
		<!-- <usecontrolcoords>true</usecontrolcoords> -->
	</include>
	<include name="CategoryLabel">
		<param name="visible">true</param>
		<param name="item_treshold">0</param>
		<definition>
		<!--ETIQUETA SECCION WIDGET-->
			<control type="label" id="$PARAM[list_id]666"> 
				<left>70</left>
				<top>0</top>
				<width>900</width>
				<height>40</height>
				<label>$PARAM[label]</label>
				<shadowcolor>text_shadow</shadowcolor>
				<font>font25_narrow</font>
				<visible>$PARAM[visible]</visible>
				<visible>Integer.IsGreater(Container($PARAM[list_id]).NumItems,$PARAM[item_treshold]) | [Container($PARAM[list_id]).IsUpdating + Integer.IsEqual(Container($PARAM[list_id]).NumItems,0)]</visible>
			</control>
		</definition>
	</include>

	<!-- WidgetPosters Home- Estructura-->
	<include name="WidgetListPoster">
		<param name="onclick_condition">false</param>
		<param name="visible">false</param>
		<param name="limite">$VAR[VARnumItemsWidgets]</param>
		<definition>	
				<include content="BusyListSpinner">
					<param name="list_id" value="$PARAM[list_id]"/>
					<param name="posy" value="300"/>
					<param name="visible" value="Container($PARAM[list_id]).IsUpdating + !Integer.IsGreater(Container($PARAM[list_id]).NumItems,0)" />
				</include>
				<control type="panel" id="$PARAM[list_id]">
					<animation effect="fade" start="100" end="30" time="150" condition="!Control.HasFocus(9000) + Integer.IsGreater($PARAM[list_id],220000) + !Control.HasFocus($PARAM[list_id])">Conditional</animation>
					<onback>setFocus(9000)</onback>
					<!-- <left>70</left>-->
					<top>0</top> 
					<visible>Integer.IsGreater(Container($PARAM[list_id]).NumItems,0) | Container($PARAM[list_id]).IsUpdating | $PARAM[visible]</visible>
					<!-- <right>0</right> -->
					<height>503</height>
					<onclick condition="$PARAM[onclick_condition]">$PARAM[onclick_action]</onclick>
					<include content="WidgetListCommon">
						<param name="list_id" value="$PARAM[list_id]"/>
					</include>
					
					<itemlayout width="290" height="400">
						<!-- <control type="image">
							<texture colordiffuse="red">Palantir/layout.png</texture>
							<height>100%</height>
							<width>100%</width>
						</control> -->
						<control type="group">
							<left>-30</left>
							<!-- <animation effect="slide" start="0,0" end="70,0" time="300" tween="sine" easing="in" condition="true">Conditional</animation> -->
							<!-- <animation effect="slide" start="0,0" end="70,0" time="300" tween="sine" easing="inout" condition="Integer.IsEqual(Container.Position,0)">Conditional</animation>
							<animation effect="slide" start="0,0" end="-364,0" time="300" tween="sine" easing="inout" condition="Integer.IsEqual(Container.Position,3) | Integer.IsEqual(Container.Position,4)">Conditional</animation>
							<animation effect="slide" start="0,0" end="-364,0" time="300" tween="sine" easing="inout" condition="Integer.IsEqual(Container.Position,4)">Conditional</animation> -->
							<include content="CategoryLabel">
								<param name="visible">Integer.IsEqual(ListItem.CurrentItem,1)</param>
								<param name="label">$PARAM[widget_header]</param>
								<param name="list_id" value="$PARAM[list_id]"/>
							</include>
						</control>
						<include>FadeConTrailer</include>
						<control type="group">
							<left>0</left>
							<!-- <top>10</top> -->
							<top>30</top>
							<include content="InfoWallMovieLayout">
								<param name="focused" value="false" />
								<param name="Derecha" value="4" />
							</include>
						</control>
					</itemlayout>
					<focusedlayout width="290" height="400">
						<control type="group">
							<left>-30</left>
							<!-- <animation effect="slide" start="0,0" end="70,0" time="300" tween="sine" easing="in" condition="true">Conditional</animation> -->
							<!-- <animation effect="slide" start="0,0" end="70,0" time="300" tween="sine" easing="inout" condition="Integer.IsEqual(Container.Position,0)">Conditional</animation>
							<animation effect="slide" start="0,0" end="-364,0" time="300" tween="sine" easing="inout" condition="Integer.IsEqual(Container.Position,3) | Integer.IsEqual(Container.Position,4)">Conditional</animation>
							<animation effect="slide" start="0,0" end="-364,0" time="300" tween="sine" easing="inout" condition="Integer.IsEqual(Container.Position,4)">Conditional</animation> -->
							<include content="CategoryLabel">
								<param name="visible">Integer.IsEqual(ListItem.CurrentItem,1)</param>
								<param name="label">$PARAM[widget_header]</param>
								<param name="list_id" value="$PARAM[list_id]"/>
							</include>
						</control>
						<control type="group">
							<depth>DepthContentPopout</depth>
							<left>0</left>
							<!-- <top>10</top> -->
							<top>30</top>
							<include content="botonFocusedLayoutVARs"><param name="list_id" value="$PARAM[list_id]"/> </include>
							<include content="InfoWallMovieLayout">
								<param name="focused" value="true" />
								<param name="Derecha" value="4" />
							</include>
						</control>
					</focusedlayout>
					<!-- <include condition="$PARAM[limite] | $PARAM[limite2]" content="contentSSC"><param name="content_path" value="$PARAM[content_path]"/><param name="widget_target" value="$PARAM[widget_target]"/><param name="limite" value="noop"/></include> -->
					<!-- <include condition="!$PARAM[limite] | !$PARAM[limite2]" content="contentSSC"><param name="content_path" value="$PARAM[content_path]"/><param name="widget_target" value="$PARAM[widget_target]"/><param name="limite" value="4"/></include> -->
					<!-- <include condition="!String.IsEqual($PARAM[content_path],$VAR[p3PathSeriesSeguimiento])" content="contentSSC"><param name="content_path" value="$PARAM[content_path]"/><param name="widget_target" value="$PARAM[widget_target]"/><param name="limite" value="5"/></include> -->
					<content sortby="$PARAM[sortby]" sortorder="$PARAM[sortorder]" target="$PARAM[widget_target]"  limit="$PARAM[limite]">$PARAM[content_path]</content>
				</control>
		</definition>
	</include>

	<!--Estructura TOP10 widget-->
	<include name="WidgetListPosterTOP10">
		<param name="onclick_condition">false</param>
		<param name="visible">false</param>
		<definition>
			<include content="BusyListSpinner">
				<param name="list_id" value="$PARAM[list_id]"/>
				<param name="posy" value="250"/>
				<param name="visible" value="Container($PARAM[list_id]).IsUpdating + !Integer.IsGreater(Container($PARAM[list_id]).NumItems,0)" />
			</include>
			
			<control type="panel" id="$PARAM[list_id]">
				<animation effect="fade" start="100" end="30" time="150" condition="!Control.HasFocus(9000) + Integer.IsGreater($PARAM[list_id],220000) + !Control.HasFocus($PARAM[list_id])">Conditional</animation>
				<onback>setFocus(9000)</onback>
				<!-- <left>70</left> -->
				<top>0</top>
				<visible>Integer.IsGreater(Container($PARAM[list_id]).NumItems,0) | Container($PARAM[list_id]).IsUpdating | $PARAM[visible]</visible>
				
				<height>503</height>
				<onclick condition="$PARAM[onclick_condition]">$PARAM[onclick_action]</onclick>
				<include content="WidgetListCommon">
					<param name="list_id" value="$PARAM[list_id]"/>
				</include>
				<!-- <control type="group">
						<left>-30</left> -->
						<!-- <include content="CategoryLabel">
							<param name="visible">Integer.IsEqual(ListItem.CurrentItem,1)</param>
							<param name="label">$PARAM[widget_header]</param>
							<param name="list_id" value="$PARAM[list_id]"/>
						</include> -->
					<!-- </control> -->
				<itemlayout width="400" height="486">
					<!-- <control type="group">
						<left>-30</left>
						<animation effect="slide" end="30,0" time="200">Focus</animation>-->
						<include content="CategoryLabel">
							<param name="visible">Integer.IsEqual(ListItem.CurrentItem,1)</param>
							<param name="label">$PARAM[widget_header]</param>
							<param name="list_id" value="$PARAM[list_id]"/>
						</include>
					<!-- </control>  -->
					<include>FadeConTrailer</include>
					<control type="group">
						<left>0</left>
						<top>30</top>
						<include content="TOP10">
							<param name="focused" value="false" />
							<param name="Derecha" value="27" />
						</include>
					</control>
				</itemlayout>
				<focusedlayout width="400" height="486">
					<!-- <control type="group">
						<left>-30</left>-->
						<include content="CategoryLabel">
							<param name="visible">Integer.IsEqual(ListItem.CurrentItem,1)</param>
							<param name="label">$PARAM[widget_header]</param>
							<param name="list_id" value="$PARAM[list_id]"/>
						</include>
					<!-- </control>  -->
					<control type="group">
						<depth>DepthContentPopout</depth>
						<left>0</left>
						<top>30</top>
						<include content="botonFocusedLayoutVARs"><param name="list_id" value="$PARAM[list_id]"/> </include>
						<include content="TOP10">
							<param name="focused" value="true" />
							<param name="Derecha" value="27" />
						</include>
					</control>
				</focusedlayout>
				<content target="$PARAM[widget_target]" browse="never" limit="10">$PARAM[content_path]</content>
			</control>
		</definition>
	</include>

	<!-- widget spotlight -->
	<include name="WidgetSpotLight">
		<definition>
		<control type="list" id="$PARAM[list_id]">
					<skinshortcuts>visibility</skinshortcuts>
					<pagecontrol>25010</pagecontrol>
					<orientation>horizontal</orientation>
					<left>0</left>
					<top>0</top>
					<right>0</right>
					<onleft>$PARAM[list_id]</onleft>
					<onright>$PARAM[list_id]</onright>
					<onup>setFocus(9000)</onup>
					<ondown>setFocus(9000)</ondown>
					<onback>setFocus(9000)</onback>
					<include>FullScreenDimensions</include>
					<onclick condition="$PARAM[onclick_condition]">$PARAM[onclick_action]</onclick>
					<hitrect x="140" y="0" w="1800" h="1920" />
					<!-- <hitrectcolor>red</hitrectcolor> -->
					<focusedlayout >
						<include>botonFocusedLayoutVARs</include>
						<control type="group">
							<control type="image" description="Art">
								<texture background="true">$INFO[ListItem.Art(fanart)]</texture>
								<height>100%</height>
								<width>100%</width>
								<top>0</top>
								<right>0</right>
								<visible>true</visible>
								<include>Claridad_Fanart</include>
							</control>

							<control type="group">
								<height>20%</height>
								<left>10%</left>
								<width>500</width>
								<top>18%</top>
								<control type="image">
									<description>Clearlogo</description>
									<texture>$INFO[ListItem.Art(clearlogo)]</texture>
									<aspectratio align="center">keep</aspectratio>
									<centerleft>50%</centerleft>
									<aligny>center</aligny>
									<visible>!String.IsEmpty(ListItem.Art(clearlogo))</visible>
								</control>
							</control>
							<control type="group">
								<animation effect="fade" delay="1000" start="0" end="100" time="1000">Focus</animation>
								<control type="image">
									<description>logo seccion</description>
									<left>5%</left>
									<top>-80%</top>
									<width>13%</width>
									<aspectratio>keep</aspectratio>
									<texture fallback="Palantir/logo.png">Palantir/widget/spot/$VAR[LogoSeccionRandom].png</texture>
									<visible>!String.IsEmpty(ListItem.Property(P3Categoria))</visible>
								</control>
								<control type="image">
									<description>caja plot</description>
									<top>70%</top>
									<width>65%</width>
									<height>23%</height>
									<texture colordiffuse="BC090909" background="true">Palantir/background/caja4.png</texture>
									<visible>!String.IsEmpty(ListItem.Plot)</visible>
								</control>
								<control type="image">
									<description>poster</description>
									<left>5%</left>
									<top>53%</top>
									<width>300</width>
									<height>450</height>
									<!-- <aspectratio>keep</aspectratio> -->
									<texture diffuse="Palantir/masks/poster.png" fallback="DefaultVideo.png" background="true">$INFO[ListItem.Art(poster)]</texture>
									<visible>!String.IsEmpty(ListItem.Art(poster))</visible>
								</control>
								<control type="image">
									<description>focus</description>
									<left>5%</left>
									<top>53%</top>
									<width>300</width>
									<height>450</height>
									<texture colordiffuse="button_focus">Palantir/background/$VAR[focoEstiloPalantir]</texture>
									<visible>Control.HasFocus($PARAM[list_id])</visible>
								</control>
								<control type="label">
									<description>Titulo</description>
									<left>21%</left>
									<top>70%</top>
									<width max="42%">auto</width>
									<label>$INFO[ListItem.Property(P3Titulo)]</label>
									<font>font40_title</font>
									<scroll>true</scroll>
									<visible>true</visible>
								</control>
								<control type="textbox" description="Plot">
									<left>21%</left>
									<top>75%</top>
									<font>font25_narrow</font>
									<width max="39%">auto</width>
									<height>13.5%</height>
									<label>$INFO[ListItem.Plot]</label>
									<shadowcolor>black</shadowcolor>
									<autoscroll delay="3000" time="4000" repeat="3000">True</autoscroll>
									<align>justify</align>
									<aligny>top</aligny>
								</control>

								<control type="group" description="informacion">
									<top>90%</top>

									<control type="label">
										<description>temporadas</description>
										<left>21%</left>
										<label>$VAR[temporadas]</label>
										<visible>String.IsEmpty(ListItem.Duration)</visible>
										<font>font25_title</font>
										<textcolor>FFffe6fc</textcolor>
									</control>
									<control type="label">
										<description>duracion</description>
										<left>21%</left>
										<label>$INFO[ListItem.Duration(H)]h $INFO[ListItem.Duration(mm)]min</label>
										<visible>!String.IsEmpty(ListItem.Duration)</visible>
										<font>font25_title</font>
										<textcolor>FFffe6fc</textcolor>
									</control>
									<control type="label">
										<description>año</description>
										<left>54.5%</left>
										<label>$INFO[ListItem.Year]</label>
										<font>font25_title</font>
										<textcolor>FFffe6fc</textcolor>

									</control>
									<control type="image" description="img_mpaa">  <!--img mpaa-->
										<texture>Palantir/mpaa/$INFO[ListItem.Mpaa].png</texture>
										<top>5%</top>
										<left>58%</left>
										<height>25</height>
										<width>40</width>
										<visible>!String.IsEmpty(ListItem.Mpaa)</visible>
									</control>
								</control>
							</control>
						</control>
					</focusedlayout>
					<itemlayout />
					<content sortby="noop" sortorder="noop" widget="$PARAM[widget]" target="$PARAM[target]" limit="20">$PARAM[content]</content>
				</control>
				<include content="BusyListSpinner">
					<param name="list_id" value="$PARAM[list_id]"/>
					<param name="posy" value="540"/>
					<param name="posx" value="900"/>
					<param name="visible" value="Container($PARAM[list_id]).IsUpdating + !Integer.IsGreater(Container($PARAM[list_id]).NumItems,0)" />
				</include>
		</definition>
	
	</include>


	<include name="ImageWidget">
		<param name="visible">true</param>
		<param name="visible_1">true</param>
		<param name="visible_2">true</param>
		<param name="visible_3">false</param>
		<param name="button2_label">$LOCALIZE[31116]</param>
		<param name="button2_onclick">true</param>
		<definition>
			<control type="group" id="$PARAM[button_id]889">
				<visible>$PARAM[visible]</visible>
				<control type="grouplist" id="$PARAM[button_id]577">
					<orientation>vertical</orientation>
					<top>0</top>
					<bottom>0</bottom>
					<left>50</left>
					<right>50</right>
					<align>center</align>
					<control type="textbox">
						<width>100%</width>
						<height min="0" max="300">auto</height>
						<label>$PARAM[text_label]</label>
						<align>center</align>
						<font>font14</font>
					</control>
					<control type="grouplist" id="$PARAM[button_id]567">
						<width>100%</width>
						<onup>9000</onup>
						<ondown>9000</ondown>
						<orientation>horizontal</orientation>
						<align>center</align>
						<onleft>9000</onleft>
						<control type="button" id="$PARAM[button_id]">
							<width>auto</width>
							<height>110</height>
							<label>$PARAM[button_label]</label>
							<textoffsetx>40</textoffsetx>
							<onclick>$PARAM[button_onclick]</onclick>
							<align>center</align>
							<texturefocus border="23" colordiffuse="button_focus">buttons/dialogbutton-fo.png</texturefocus>
							<texturenofocus border="40">buttons/dialogbutton-nofo.png</texturenofocus>
							<visible>$PARAM[visible_1]</visible>
						</control>
						<control type="button" id="$PARAM[button_id]568">
							<width>auto</width>
							<height>110</height>
							<label>$PARAM[button2_label]</label>
							<textoffsetx>40</textoffsetx>
							<onclick>$PARAM[button2_onclick]</onclick>
							<onclick>SetFocus(9000)</onclick>
							<align>center</align>
							<texturefocus border="23" colordiffuse="button_focus">buttons/dialogbutton-fo.png</texturefocus>
							<texturenofocus border="40">buttons/dialogbutton-nofo.png</texturenofocus>
							<visible>$PARAM[visible_2]</visible>
						</control>
						<control type="button" id="$PARAM[button_id]569">
							<width>auto</width>
							<height>110</height>
							<label>$PARAM[button3_label]</label>
							<textoffsetx>40</textoffsetx>
							<onclick>$PARAM[button3_onclick]</onclick>
							<onclick>SetFocus(9000)</onclick>
							<align>center</align>
							<texturefocus border="23" colordiffuse="button_focus">buttons/dialogbutton-fo.png</texturefocus>
							<texturenofocus border="40">buttons/dialogbutton-nofo.png</texturenofocus>
							<visible>$PARAM[visible_3]</visible>
						</control>
					</control>
				</control>
			</control>
		</definition>
	</include>

	<include name="WidgetListEpisodes">
		<param name="main_label">$INFO[ListItem.Title]</param>
		<param name="sub_label">$INFO[ListItem.TVShowTitle]</param>
		<param name="thumb_label">$INFO[ListItem.Season,,x]$INFO[ListItem.Episode]</param>
		<param name="sortby"></param>
		<param name="visible">True</param>
		<param name="sortorder">ascending</param>
		<param name="widget_limit">15</param>
		<definition>
			<include content="CategoryLabel">
				<param name="label">$PARAM[widget_header]</param>
				<param name="list_id" value="$PARAM[list_id]"/>
			</include>
			<include content="BusyListSpinner">
				<param name="list_id" value="$PARAM[list_id]"/>
				<param name="posy" value="200"/>
			</include>
			<control type="panel" id="$PARAM[list_id]">
				<left>0</left>
				<onback>setFocus(9000)</onback>
				<top>105</top>
				<right>0</right>
				<height>410</height>
				<include content="WidgetListCommon">
					<param name="list_id" value="$PARAM[list_id]"/>
				</include>
				<visible>$PARAM[visible]</visible>
				<visible>Integer.IsGreater(Container($PARAM[list_id]).NumItems,0) | Container($PARAM[list_id]).IsUpdating</visible>
				<itemlayout width="310" height="500">
					<control type="group">
						<left>70</left>
						<top>5</top>
						<include content="InfoWallEpisodeLayout">
							<param name="main_label" value="$PARAM[main_label]" />
							<param name="sub_label" value="$PARAM[sub_label]" />
							<param name="thumb_label" value="$PARAM[thumb_label]" />
							<param name="focused" value="false" />
						</include>
					</control>
				</itemlayout>
				<focusedlayout width="310" height="500">
					<control type="group">
						<include>botonFocusedLayoutVARs</include>
						<depth>DepthContentPopout</depth>
						<left>70</left>
						<top>5</top>
						<animation type="Focus">
							<effect type="zoom" start="100" end="112" time="200" tween="sine" easing="inout" center="230,120" />
						</animation>
						<animation type="Unfocus">
							<effect type="zoom" start="112" end="100" time="200" tween="sine" easing="inout" center="230,120" />
						</animation>
						<include content="InfoWallEpisodeLayout">
							<param name="main_label" value="$PARAM[main_label]" />
							<param name="sub_label" value="$PARAM[sub_label]" />
							<param name="thumb_label" value="$PARAM[thumb_label]" />
							<param name="focused" value="true" />
						</include>
					</control>
				</focusedlayout>
				<content sortby="$PARAM[sortby]" sortorder="$PARAM[sortorder]" target="$PARAM[widget_target]" limit="$PARAM[widget_limit]">$PARAM[content_path]</content>
			</control>
		</definition>
	</include>

	<include name="WidgetListSquare">
		<param name="sub_label">$INFO[ListItem.Label]</param>
		<param name="sortby"></param>
		<param name="visible">True</param>
		<param name="sortorder">ascending</param>
		<param name="widget_limit">15</param>
		<param name="fallback_icon">DefaultAudio.png</param>
		<param name="onclick_condition">false</param>
		<definition>
			<include content="CategoryLabel">
				<param name="label">$PARAM[widget_header]</param>
				<param name="list_id" value="$PARAM[list_id]"/>
				<param name="visible" value="$PARAM[visible]"/>
			</include>
			<include content="BusyListSpinner">
				<param name="list_id" value="$PARAM[list_id]"/>
				<param name="posy" value="220"/>
				<param name="visible" value="Container($PARAM[list_id]).IsUpdating + !Integer.IsGreater(Container($PARAM[list_id]).NumItems,0)"/>
			</include>
			<control type="panel" id="$PARAM[list_id]">
				<left>0</left>
				<top>140</top>
				<onback>setFocus(9000)</onback>
				<right>0</right>
				<height>500</height>
				<onclick condition="$PARAM[onclick_condition]">$PARAM[onclick_action]</onclick>
				<include content="WidgetListCommon">
					<param name="list_id" value="$PARAM[list_id]"/>
				</include>
				<visible>$PARAM[visible]</visible>
				<visible>Integer.IsGreater(Container($PARAM[list_id]).NumItems,0) | Container($PARAM[list_id]).IsUpdating</visible>
				<itemlayout width="310" height="500">
					<control type="group">
						<left>70</left>
						<include content="InfoWallMusicLayout">
							<param name="main_label" value="$PARAM[main_label]" />
							<param name="single_label" value="$PARAM[single_label]" />
							<param name="sub_label" value="$PARAM[sub_label]" />
							<param name="focused" value="false" />
						</include>
					</control>
				</itemlayout>
				<focusedlayout width="310" height="500">
					<control type="group">
						<include>botonFocusedLayoutVARs</include>
						<depth>DepthContentPopout</depth>
						<left>70</left>
						<animation type="Focus">
							<effect type="zoom" start="100" end="112" time="200" tween="sine" easing="inout" center="240,120" />
						</animation>
						<animation type="Unfocus">
							<effect type="zoom" start="112" end="100" time="200" tween="sine" easing="inout" center="240,120" />
						</animation>
						<include content="InfoWallMusicLayout">
							<param name="main_label" value="$PARAM[main_label]" />
							<param name="single_label" value="$PARAM[single_label]" />
							<param name="sub_label" value="$PARAM[sub_label]" />
							<param name="focused" value="true" />
						</include>
					</control>
				</focusedlayout>
				<content sortby="$PARAM[sortby]" sortorder="$PARAM[sortorder]" target="$PARAM[widget_target]" limit="$PARAM[widget_limit]">$PARAM[content_path]</content>
			</control>
		</definition>
	</include>

	<include name="WidgetListCategories">
		<param name="item_limit">20</param>
		<param name="icon">$INFO[ListItem.Icon]</param>
		<param name="icon_height">120</param>
		<param name="additional_movie_items">false</param>
		<param name="additional_tvshow_items">false</param>
		<param name="visible">true</param>
		<definition>
			<include content="CategoryLabel">
				<param name="label">$PARAM[widget_header]</param>
				<param name="list_id" value="$PARAM[list_id]"/>
				<param name="visible" value="$PARAM[visible]"/>
			</include>
			<include content="BusyListSpinner">
				<param name="list_id" value="$PARAM[list_id]"/>
				<param name="visible" value="Integer.IsGreater(Container($PARAM[list_id]).NumItems,0) + Container($PARAM[list_id]).IsUpdating"/>
			</include>
			<control type="panel" id="$PARAM[list_id]">
				<left>0</left>
				<top>110</top>
				<right>0</right>
				<height>290</height>
				<onback>setFocus(9000)</onback>
				<include content="WidgetListCommon">
					<param name="list_id" value="$PARAM[list_id]"/>
				</include>
				<visible>$PARAM[visible]</visible>
				<visible>Integer.IsGreater(Container($PARAM[list_id]).NumItems,0) | Container($PARAM[list_id]).IsUpdating</visible>
				<itemlayout width="310" height="340">
					<control type="group">
						<left>70</left>
						<control type="image">
							<centertop>74</centertop>
							<left>58</left>
							<width>200</width>
							<height>$PARAM[icon_height]</height>
							<texture fallback="DefaultFolder.png">$PARAM[icon]</texture>
							<aspectratio>keep</aspectratio>
						</control>
						<control type="textbox">
							<left>38</left>
							<top>106</top>
							<width>240</width>
							<height>70</height>
							<label>$INFO[ListItem.Label]</label>
							<font>font20_title</font>
							<shadowcolor>text_shadow</shadowcolor>
							<align>center</align>
							<aligny>center</aligny>
						</control>
					</control>
				</itemlayout>
				<focusedlayout width="310" height="340">
					<control type="group">
						<include>botonFocusedLayoutVARs</include>
						<depth>DepthContentPopout</depth>
						<left>70</left>
						<animation type="Focus" reversible="false">
							<effect type="zoom" center="200,140" start="100" end="120" time="300" tween="sine" />
						</animation>
						<animation type="UnFocus" reversible="false">
							<effect type="zoom" center="200,140" start="120" end="100" time="0" tween="sine" />
						</animation>
						<control type="image">
							<centertop>74</centertop>
							<left>58</left>
							<width>200</width>
							<height>$PARAM[icon_height]</height>
							<texture colordiffuse="button_focus" fallback="DefaultFolder.png">$PARAM[icon]</texture>
							<aspectratio>keep</aspectratio>
						</control>
						<control type="textbox">
							<left>38</left>
							<top>106</top>
							<width>240</width>
							<height>70</height>
							<textcolor>button_focus</textcolor>
							<label>$INFO[ListItem.Label]</label>
							<font>font20_title</font>
							<shadowcolor>text_shadow</shadowcolor>
							<align>center</align>
							<aligny>center</aligny>
						</control>
					</control>
				</focusedlayout>
				<include condition="$PARAM[additional_movie_items]" content="MovieSubmenuItems" />
				<include condition="$PARAM[additional_tvshow_items]" content="TVShowSubmenuItems" />
				<content target="$PARAM[widget_target]" limit="$PARAM[item_limit]">$PARAM[content_path]</content>
			</control>
		</definition>
	</include>

	<include name="MovieSubmenuItems">
		<content>
			<item>
				<label>$LOCALIZE[31146]</label>
				<onclick>ActivateWindow(videos,plugin://script.embuary.info/movie/now_playing,return)</onclick>
				<thumb>DefaultStudios.png</thumb>
				<visible>System.AddonIsEnabled(script.embuary.info)</visible>
			</item>
			<item>
				<label>$LOCALIZE[31147]</label>
				<onclick>ActivateWindow(videos,plugin://script.embuary.info/movie/upcoming,return)</onclick>
				<thumb>DefaultYear.png</thumb>
				<visible>System.AddonIsEnabled(script.embuary.info)</visible>
			</item>
		</content>
	</include>

	<include name="TVShowSubmenuItems">
		<content>
			<item>
				<label>$LOCALIZE[31027]</label>
				<onclick>ActivateWindow(videos,plugin://script.embuary.info/nextaired,return)</onclick>
				<thumb>DefaultYear.png</thumb>
				<visible>System.AddonIsEnabled(script.embuary.info)</visible>
			</item>
		</content>
	</include>

	<include name="WidgetListPVR">
		<param name="item_treshold">0</param>
		<param name="icon">$INFO[ListItem.Icon]</param>
		<param name="label">$INFO[ListItem.Label]</param>
		<param name="label2">$INFO[ListItem.Title]</param>
		<param name="info_update">0</param>
		<definition>
			<include content="CategoryLabel">
				<param name="label">$PARAM[widget_header]</param>
				<param name="list_id" value="$PARAM[list_id]"/>
				<param name="item_treshold" value="$PARAM[item_treshold]"/>
			</include>
			<include content="BusyListSpinner">
				<param name="list_id" value="$PARAM[list_id]"/>
				<param name="posy" value="200"/>
				<param name="visible" value="Integer.IsGreater(Container($PARAM[list_id]).NumItems,0) + Container($PARAM[list_id]).IsUpdating"/>
			</include>
			<control type="panel" id="$PARAM[list_id]">
				<left>0</left>
				<top>120</top>
				<onback>setFocus(9000)</onback>
				<right>0</right>
				<height>430</height>
				<include content="WidgetListCommon">
					<param name="list_id" value="$PARAM[list_id]"/>
				</include>
				<visible>Integer.IsGreater(Container($PARAM[list_id]).NumItems,$PARAM[item_treshold]) | [Container($PARAM[list_id]).IsUpdating + Integer.IsEqual(Container($PARAM[list_id]).NumItems,0)]</visible>
				<itemlayout width="310" height="500" infoupdate="$PARAM[info_update]">
					<control type="group">
						<left>70</left>
						<control type="image">
							<width>319</width>
							<height>340</height>
							<texture>dialogs/dialog-bg-nobo.png</texture>
							<bordertexture border="21" infill="false">overlays/shadow.png</bordertexture>
							<bordersize>20</bordersize>
						</control>
						<control type="image">
							<top>43</top>
							<left>38</left>
							<width>245</width>
							<height>190</height>
							<texture fallback="DefaultTVShows.png">$PARAM[icon]</texture>
							<aspectratio>keep</aspectratio>
						</control>
						<control type="label">
							<left>42</left>
							<top>247</top>
							<width>245</width>
							<height>70</height>
							<label>$PARAM[label]</label>
							<font>font12</font>
							<shadowcolor>text_shadow</shadowcolor>
							<align>center</align>
							<aligny>top</aligny>
						</control>
						<control type="label">
							<left>42</left>
							<top>277</top>
							<width>245</width>
							<height>65</height>
							<label>$PARAM[label2]</label>
							<font>font12</font>
							<shadowcolor>text_shadow</shadowcolor>
							<align>center</align>
							<aligny>top</aligny>
						</control>
						<control type="image">
							<left>260</left>
							<top>30</top>
							<width>32</width>
							<height>32</height>
							<texture>$VAR[WallWatchedIconVar]</texture>
						</control>
						<control type="progress">
							<left>20</left>
							<top>300</top>
							<width>280</width>
							<height>1</height>
							<texturebg></texturebg>
							<midtexture colordiffuse="button_focus" border="3">progress/texturebg_alt_white.png</midtexture>
							<info>ListItem.PercentPlayed</info>
							<visible>!Integer.IsEqual(ListItem.PercentPlayed,0)</visible>
						</control>
						<control type="progress">
							<left>20</left>
							<top>300</top>
							<width>280</width>
							<height>1</height>
							<texturebg></texturebg>
							<midtexture colordiffuse="button_focus" border="3">progress/texturebg_alt_white.png</midtexture>
							<info>ListItem.Progress</info>
							<visible>!Integer.IsEqual(ListItem.Progress,0)</visible>
						</control>
					</control>
				</itemlayout>
				<focusedlayout width="310" height="500" infoupdate="$PARAM[info_update]">
					<control type="group">
						<include>botonFocusedLayoutVARs</include>
						<depth>DepthContentPopout</depth>
						<left>70</left>
						<animation type="Focus">
							<effect type="zoom" start="100" end="110" time="200" tween="sine" easing="inout" center="240,100" />
						</animation>
						<animation type="Unfocus">
							<effect type="zoom" start="110" end="100" time="200" tween="sine" easing="inout" center="240,100" />
						</animation>
						<control type="image">
							<width>319</width>
							<height>340</height>
							<texture>dialogs/dialog-bg-nobo.png</texture>
							<bordertexture border="21" infill="false">overlays/shadow.png</bordertexture>
							<bordersize>20</bordersize>
						</control>
						<control type="image">
							<width>319</width>
							<height>340</height>
							<texture colordiffuse="button_focus">colors/grey.png</texture>
							<bordersize>20</bordersize>
							<include>Animation_FocusTextureFade</include>
						</control>
						<control type="image">
							<top>43</top>
							<left>38</left>
							<width>245</width>
							<height>190</height>
							<texture fallback="DefaultTVShows.png">$PARAM[icon]</texture>
							<aspectratio>keep</aspectratio>
						</control>
						<control type="label">
							<left>42</left>
							<top>247</top>
							<width>245</width>
							<height>70</height>
							<label>$PARAM[label]</label>
							<font>font12</font>
							<shadowcolor>text_shadow</shadowcolor>
							<align>center</align>
							<scroll>true</scroll>
							<aligny>top</aligny>
						</control>
						<control type="label">
							<left>42</left>
							<top>277</top>
							<width>245</width>
							<height>65</height>
							<label>$PARAM[label2]</label>
							<font>font12</font>
							<shadowcolor>text_shadow</shadowcolor>
							<align>center</align>
							<scroll>true</scroll>
							<aligny>top</aligny>
						</control>
						<control type="image">
							<left>260</left>
							<top>30</top>
							<width>32</width>
							<height>32</height>
							<texture>$VAR[WallWatchedIconVar]</texture>
						</control>
						<control type="progress">
							<left>20</left>
							<top>300</top>
							<width>280</width>
							<height>1</height>
							<texturebg></texturebg>
							<midtexture colordiffuse="button_focus" border="3">progress/texturebg_alt_white.png</midtexture>
							<info>ListItem.PercentPlayed</info>
							<visible>!Integer.IsEqual(ListItem.PercentPlayed,0)</visible>
						</control>
						<control type="progress">
							<left>20</left>
							<top>300</top>
							<width>280</width>
							<height>1</height>
							<texturebg></texturebg>
							<midtexture colordiffuse="button_focus" border="3">progress/texturebg_alt_white.png</midtexture>
							<info>ListItem.Progress</info>
							<visible>!Integer.IsEqual(ListItem.Progress,0)</visible>
						</control>
					</control>
				</focusedlayout>
				<content sortby="$PARAM[sortby]" sortorder="$PARAM[sortorder]" target="$PARAM[widget_target]" limit="$PARAM[item_limit]">$PARAM[content_path]</content>
			</control>
		</definition>
	</include>

	<include name="WeatherWidget">
		<param name="width">266</param>
		<definition>
			<include content="CategoryLabel">
				<param name="label">$PARAM[widget_header]</param>
				<param name="list_id" value="$PARAM[list_id]"/>
				<param name="visible" value="$PARAM[visible]"/>
			</include>
			<control type="panel" id="$PARAM[list_id]">
				<left>0</left>
				<top>90</top>
				<right>0</right>
				<height>396</height>
				<include content="WidgetListCommon">
					<param name="list_id" value="$PARAM[list_id]"/>
				</include>
				<visible>$PARAM[visible]</visible>
				<itemlayout width="$PARAM[width]" height="320">
					<control type="group">
						<left>70</left>
						<control type="image">
							<left>0</left>
							<top>20</top>
							<width>254</width>
							<height>280</height>
							<texture>dialogs/dialog-bg-nobo.png</texture>
							<bordertexture border="21" infill="false">overlays/shadow.png</bordertexture>
							<bordersize>20</bordersize>
						</control>
						<control type="image">
							<left>60</left>
							<top>108</top>
							<width>130</width>
							<height>130</height>
							<texture>$INFO[ListItem.Icon]</texture>
						</control>
						<control type="label">
							<left>15</left>
							<top>45</top>
							<align>center</align>
							<label>$INFO[ListItem.Label]</label>
							<width>230</width>
						</control>
						<control type="label">
							<left>15</left>
							<top>78</top>
							<align>center</align>
							<font>font12</font>
							<label>$INFO[ListItem.Property(ShortDate)]</label>
							<width>230</width>
						</control>
						<control type="label">
							<left>15</left>
							<top>236</top>
							<align>center</align>
							<label>$INFO[ListItem.Label2]</label>
							<font>font12</font>
							<width>230</width>
						</control>
					</control>
				</itemlayout>
				<focusedlayout width="$PARAM[width]" height="400">
					<control type="group">
						<include>botonFocusedLayoutVARs</include>
						<left>70</left>
						<depth>DepthContentPopout</depth>
						<animation type="Focus">
							<effect type="zoom" start="100" end="110" time="200" tween="sine" easing="inout" center="180,140" />
						</animation>
						<animation type="Unfocus">
							<effect type="zoom" start="110" end="100" time="200" tween="sine" easing="inout" center="180,140" />
						</animation>
						<control type="image">
							<left>0</left>
							<top>20</top>
							<width>254</width>
							<height>280</height>
							<texture>dialogs/dialog-bg-nobo.png</texture>
							<bordertexture border="21" infill="false">overlays/shadow.png</bordertexture>
							<bordersize>20</bordersize>
						</control>
						<control type="image">
							<left>0</left>
							<top>20</top>
							<width>254</width>
							<height>280</height>
							<texture colordiffuse="button_focus">colors/grey.png</texture>
							<bordersize>20</bordersize>
							<include>Animation_FocusTextureFade</include>
						</control>
						<control type="image">
							<left>60</left>
							<top>108</top>
							<width>130</width>
							<height>130</height>
							<texture>$INFO[ListItem.Icon]</texture>
						</control>
						<control type="label">
							<left>15</left>
							<top>45</top>
							<align>center</align>
							<label>$INFO[ListItem.Label]</label>
							<width>230</width>
						</control>
						<control type="label">
							<left>15</left>
							<top>78</top>
							<align>center</align>
							<font>font12</font>
							<label>$INFO[ListItem.Property(ShortDate)]</label>
							<width>230</width>
						</control>
						<control type="label">
							<left>15</left>
							<top>236</top>
							<align>center</align>
							<label>$INFO[ListItem.Label2]</label>
							<font>font12</font>
							<width>230</width>
						</control>
					</control>
				</focusedlayout>
				<include>$PARAM[content_include]</include>
			</control>
		</definition>
	</include>

	<include name="HourlyItems">
		<content>
			<item>
				<property name="numero">resource://resource.images.weathericons.default/na.png</property>
				<onclick>noop</onclick>
				<visible>String.IsEmpty(Window(weather).Property(Hourly.IsFetched))</visible>
			</item>
			<include content="WeatherHourlyItem">
				<param name="item_index" value="1" />
			</include>
			<include content="WeatherHourlyItem">
				<param name="item_index" value="2" />
			</include>
			<include content="WeatherHourlyItem">
				<param name="item_index" value="3" />
			</include>
			<include content="WeatherHourlyItem">
				<param name="item_index" value="4" />
			</include>
			<include content="WeatherHourlyItem">
				<param name="item_index" value="5" />
			</include>
			<include content="WeatherHourlyItem">
				<param name="item_index" value="6" />
			</include>
			<include content="WeatherHourlyItem">
				<param name="item_index" value="7" />
			</include>
			<include content="WeatherHourlyItem">
				<param name="item_index" value="8" />
			</include>
			<include content="WeatherHourlyItem">
				<param name="item_index" value="9" />
			</include>
			<include content="WeatherHourlyItem">
				<param name="item_index" value="10" />
			</include>
			<include content="WeatherHourlyItem">
				<param name="item_index" value="11" />
			</include>
			<include content="WeatherHourlyItem">
				<param name="item_index" value="12" />
			</include>
			<include content="WeatherHourlyItem">
				<param name="item_index" value="13" />
			</include>
			<include content="WeatherHourlyItem">
				<param name="item_index" value="14" />
			</include>
			<include content="WeatherHourlyItem">
				<param name="item_index" value="15" />
			</include>
			<include content="WeatherHourlyItem">
				<param name="item_index" value="16" />
			</include>
			<include content="WeatherHourlyItem">
				<param name="item_index" value="17" />
			</include>
			<include content="WeatherHourlyItem">
				<param name="item_index" value="18" />
			</include>
			<include content="WeatherHourlyItem">
				<param name="item_index" value="19" />
			</include>
			<include content="WeatherHourlyItem">
				<param name="item_index" value="20" />
			</include>
			<include content="WeatherHourlyItem">
				<param name="item_index" value="21" />
			</include>
			<include content="WeatherHourlyItem">
				<param name="item_index" value="22" />
			</include>
			<include content="WeatherHourlyItem">
				<param name="item_index" value="23" />
			</include>
			<include content="WeatherHourlyItem">
				<param name="item_index" value="24" />
			</include>
		</content>
	</include>
	<include name="DailyItems">
		<content>
			<item>
				<property name="numero">resource://resource.images.weathericons.default/na.png</property>
				<onclick>noop</onclick>
				<visible>!Weather.IsFetched</visible>
			</item>
			<include content="WeatherDayItem">
				<param name="item_index" value="0" />
			</include>
			<include content="WeatherDayItem">
				<param name="item_index" value="1" />
			</include>
			<include content="WeatherDayItem">
				<param name="item_index" value="2" />
			</include>
			<include content="WeatherDayItem">
				<param name="item_index" value="3" />
			</include>
			<include content="WeatherDayItem">
				<param name="item_index" value="4" />
			</include>
			<include content="WeatherDayItem">
				<param name="item_index" value="5" />
			</include>
			<include content="WeatherDayItem">
				<param name="item_index" value="6" />
			</include>
			<include content="WeatherDailyItem">
				<param name="item_index" value="1" />
			</include>
			<include content="WeatherDailyItem">
				<param name="item_index" value="2" />
			</include>
			<include content="WeatherDailyItem">
				<param name="item_index" value="3" />
			</include>
			<include content="WeatherDailyItem">
				<param name="item_index" value="4" />
			</include>
			<include content="WeatherDailyItem">
				<param name="item_index" value="5" />
			</include>
			<include content="WeatherDailyItem">
				<param name="item_index" value="6" />
			</include>
			<include content="WeatherDailyItem">
				<param name="item_index" value="7" />
			</include>
			<include content="WeatherDailyItem">
				<param name="item_index" value="8" />
			</include>
			<include content="WeatherDailyItem">
				<param name="item_index" value="9" />
			</include>
			<include content="WeatherDailyItem">
				<param name="item_index" value="10" />
			</include>
			<include content="WeatherDailyItem">
				<param name="item_index" value="11" />
			</include>
			<include content="WeatherDailyItem">
				<param name="item_index" value="12" />
			</include>
			<include content="WeatherDailyItem">
				<param name="item_index" value="13" />
			</include>
			<include content="WeatherDailyItem">
				<param name="item_index" value="14" />
			</include>
		</content>
	</include>
	<include name="WeatherHourlyItem">
		<item>
			<label>$INFO[Window(weather).Property(Hourly.$PARAM[item_index].Time)]</label>
			<label2>$INFO[Window(weather).Property(Hourly.$PARAM[item_index].Temperature)] ∙ $INFO[Window(weather).Property(Hourly.$PARAM[item_index].Precipitation)]</label2>
			<property name="Temperature">$INFO[Window(weather).Property(Hourly.$PARAM[item_index].Temperature)]</property>
			<property name="Outlook">$INFO[Window(weather).Property(Hourly.$PARAM[item_id].Outlook)]</property>
			<property name="Cloudiness">$INFO[Window(weather).Property(Hourly.$PARAM[item_index].Cloudiness)]</property>
			<property name="ShortDate">$INFO[Window(weather).Property(Hourly.$PARAM[item_index].ShortDate)]</property>
			<property name="FanartCode">$INFO[Window(weather).Property(Hourly.$PARAM[item_index].FanartCode)]</property>
			<thumb>resource://resource.images.weathericons.default/$INFO[Window(weather).Property(Hourly.$PARAM[item_index].OutlookIcon)]</thumb>
			<onclick>noop</onclick>
			<visible>!String.IsEmpty(Window(weather).Property(Hourly.$PARAM[item_index].Outlook))</visible>
		</item>
	</include>
	<include name="WeatherDailyItem">
		<item>
			<label>$INFO[Window(weather).Property(Daily.$PARAM[item_index].ShortDay)]</label>
			<label2>[COLOR blue]$INFO[Window(weather).Property(Daily.$PARAM[item_index].LowTemperature)][/COLOR] ∙ [COLOR red]$INFO[Window(weather).Property(Daily.$PARAM[item_index].HighTemperature)][/COLOR]</label2>
			<property name="LongDay">$INFO[Window(weather).Property(Daily.$PARAM[item_index].LongDay)]</property>
			<property name="TempDay">$INFO[Window(weather).Property(Daily.$PARAM[item_index].TempDay)]</property>
			<property name="Cloudiness">$INFO[Window(weather).Property(Daily.$PARAM[item_index].Cloudiness)]</property>
			<property name="Outlook">$INFO[Window(weather).Property(Daily.$PARAM[item_index].Outlook)]</property>
			<property name="ShortDate">$INFO[Window(weather).Property(Daily.$PARAM[item_index].ShortDate)]</property>
			<property name="FanartCode">$INFO[Window(weather).Property(Daily.$PARAM[item_index].FanartCode)]</property>
			<thumb>resource://resource.images.weathericons.default/$INFO[Window(weather).Property(Daily.$PARAM[item_index].OutlookIcon)]</thumb>
			<onclick>noop</onclick>
			<visible>!String.IsEmpty(Window(weather).Property(Daily.IsFetched)) + !String.IsEmpty(Window(weather).Property(Daily.$PARAM[item_index].Outlook))</visible>
		</item>
	</include>
	<include name="WeatherDayItem">
		<item>
			<label>$INFO[Window(weather).Property(Day$PARAM[item_index].Title)]</label>
			<label2>[COLOR blue]$INFO[Window(weather).Property(Day$PARAM[item_index].LowTemp)]$INFO[System.TemperatureUnits][/COLOR] ∙ [COLOR red]$INFO[Window(weather).Property(Day$PARAM[item_index].HighTemp)]$INFO[System.TemperatureUnits][/COLOR]</label2>
			<property name="LongDay"></property>
			<property name="TempDay"></property>
			<property name="Cloudiness"></property>
			<property name="Outlook"></property>
			<property name="ShortDate"></property>
			<property name="FanartCode">$INFO[Window(weather).Property(Day$PARAM[item_index].FanartCode)]</property>
			<thumb>$INFO[Window(weather).Property(Day$PARAM[item_index].OutlookIcon)]</thumb>
			<onclick>noop</onclick>
			<visible>String.IsEmpty(Window(weather).Property(Daily.IsFetched)) + !String.IsEmpty(Window(weather).Property(Day$PARAM[item_index].Outlook))</visible>
		</item>
	</include>
	<include name="WeatherMapItem">
		<control type="group" id="700$PARAM[item_id]">
			<height>1110</height>
			<visible>Weather.IsFetched + !String.IsEmpty(Window(weather).Property(Map.$PARAM[item_id].Area)) + !String.IsEmpty(Window(weather).Property(Map.IsFetched))</visible>
			<centerleft>50%</centerleft>
			<width>1920</width>
			<control type="button" id="700$PARAM[item_id]0">
				<left>50</left>
				<top>100</top>
				<width>1820</width>
				<height>920</height>
				<onup>$PARAM[onup_id]</onup>
				<ondown>$PARAM[ondown_id]</ondown>
			</control>
			<control type="image" id="700$PARAM[item_id]1">
				<left>50</left>
				<top>100</top>
				<width>1820</width>
				<height>920</height>
				<texture>dialogs/dialog-bg-nobo.png</texture>
				<bordertexture border="21" infill="false">overlays/shadow.png</bordertexture>
				<bordersize>20</bordersize>
			</control>
			<control type="image" id="700$PARAM[item_id]2">
				<left>120</left>
				<top>160</top>
				<width>1680</width>
				<height>800</height>
				<texture>$INFO[Window(weather).Property(Map.$PARAM[item_id].Area)]</texture>
				<aspectratio>scale</aspectratio>
			</control>
			<control type="image" id="700$PARAM[item_id]3">
				<left>120</left>
				<top>160</top>
				<width>1680</width>
				<height>800</height>
				<texture>$INFO[Window(weather).Property(Map.$PARAM[item_id].Layer)]</texture>
				<aspectratio>scale</aspectratio>
				<colordiffuse>B0FFFFFF</colordiffuse>
			</control>
			<control type="image" id="700$PARAM[item_id]4">
				<left>1000</left>
				<top>858</top>
				<width>340</width>
				<height>100</height>
				<texture border="21">buttons/button-nofo.png</texture>
			</control>
			<control type="image" id="700$PARAM[item_id]5">
				<left>1340</left>
				<top>880</top>
				<width>350</width>
				<height>55</height>
				<texture>$INFO[Window(weather).Property(Map.$PARAM[item_id].Legend)]</texture>
			</control>
		</control>
		<control type="label" id="700$PARAM[item_id]9">
			<left>1000</left>
			<top>0</top>
			<width>340</width>
			<height>100</height>
			<align>center</align>
			<aligny>center</aligny>
			<animation effect="slide" end="0,-92" time="0" condition="true">Conditional</animation>
			<font>font30_title</font>
			<label>$INFO[Window(weather).Property(Map.$PARAM[item_id].Heading)]</label>
			<visible>Weather.IsFetched + !String.IsEmpty(Window(weather).Property(Map.$PARAM[item_id].Area)) + !String.IsEmpty(Window(weather).Property(Map.IsFetched))</visible>
		</control>
	</include>

	<include name="WidgetListCommon">
		<scrolltime tween="cubic" easing="out">500</scrolltime>
		<orientation>horizontal</orientation>
		<onleft condition="!Skin.HasSetting(touchmode) ">9000</onleft>
		<onright>$PARAM[list_id]</onright>
	</include>

	<include name="BusyListSpinner">
		<param name="posy">160</param>
		<!-- <param name="visible">true</param> -->
		<param name="posx">180</param>
		<param name="visible2">true</param>
		<definition>
			<control type="group" id="$PARAM[list_id]599">
				<height>160</height>
				<!-- <visible>Container($PARAM[list_id]).IsUpdating + !Integer.IsGreater(Container($PARAM[list_id]).NumItems,0)</visible> -->
				<visible>$PARAM[visible]</visible>
				<animation effect="fade" time="400">VisibleChange</animation>
				<depth>DepthMax</depth>
				<left>$PARAM[posx]</left>
				<top>$PARAM[posy]</top>
				<width>80</width>
				<height>80</height>
				<control type="image">
					<top>0</top>
					<left>0</left>
					<width>80</width>
					<height>80</height>
					<aspectratio aligny="center">keep</aspectratio>
					<animation effect="rotate" end="-360" center="auto" time="600" delay="50" loop="true" reversible="false" condition="true">Conditional</animation>
					<texture colordiffuse="button_focus">spinner_2.png</texture>
				</control>

				<control type="image">
					<top>15</top>
					<left>15</left>
					<width>50</width>
					<height>50</height>
					<aspectratio aligny="center">keep</aspectratio>
					<animation effect="rotate" end="360" center="auto" time="300" delay="50" loop="true" reversible="false" condition="true">Conditional</animation>
					<texture flipx="true" colordiffuse="button_focus">spinner_2.png</texture>
				</control>
				<control type="image">
					<width>30</width>
					<height>30</height>
					<texture colordiffuse="button_focus">$INFO[Control.GetLabel(10),dialogs/volume/progress/p,.png]</texture>
				</control>
			</control>
		</definition>	
	</include>

	<include name="BusySpinner">
		<param name="posy">160</param>
		<param name="visible">true</param>
		<param name="posx">180</param>
		<definition>
			<control type="group" id="$PARAM[list_id]599">
				<height>160</height>
				<visible>$PARAM[visible]</visible>
				<animation effect="fade" time="400">VisibleChange</animation>
				<depth>DepthMax</depth>
				<left>$PARAM[posx]</left>
				<top>$PARAM[posy]</top>
				<width>80</width>
				<height>80</height>

				<control type="image">
					<top>0</top>
					<left>0</left>
					<width>80</width>
					<height>80</height>
					<aspectratio aligny="center">keep</aspectratio>
					<animation effect="rotate" end="-360" center="auto" time="600" delay="50" loop="true" reversible="false" condition="true">Conditional</animation>
					<texture colordiffuse="button_focus">spinner_2.png</texture>
				</control>

				<control type="image">
					<top>15</top>
					<left>15</left>
					<width>50</width>
					<height>50</height>
					<aspectratio aligny="center">keep</aspectratio>
					<animation effect="rotate" end="360" center="auto" time="300" delay="50" loop="true" reversible="false" condition="true">Conditional</animation>
					<texture flipx="true" colordiffuse="button_focus">spinner_2.png</texture>
				</control>
				<control type="image">

					<width>30</width>
					<height>30</height>
					<texture colordiffuse="button_focus">$INFO[Control.GetLabel(10),dialogs/volume/progress/p,.png]</texture>
				</control>
			</control>
	</definition>
	</include>

	<include name="rightWidgetKodi">
		<right>-70</right>
	</include>
	<include name="rightWidgetP">
		<right>-10</right>
	</include>
	<include name="scrollWidgetKodi">
		<hitrect x="0" y="0" w="180" h="1080" />
	</include>
	<include name="scrollWidgetP">
		<hitrect x="-20" y="0" w="200" h="540" />
	</include>


	<include name="menuNoTouch">
		<hitrect x="20" y="25%" w="50" h="648" />
		<height>60%</height>
	</include>
	<include name="menuTouch">
		<hitrect x="20" y="25%" w="70" h="740" />
		<height>60%</height>
	</include>

	<include name="WidgetScrollbar">
		<control type="group">
			<include condition="!Integer.IsLess($PARAM[scrollbar_id],22000)">rightWidgetP</include>
			<include condition="Integer.IsLess($PARAM[scrollbar_id],22000)">rightWidgetKodi</include>
			<top>0</top>
			<bottom>0</bottom>
			<width>80</width>
			<control type="scrollbar" id="$PARAM[scrollbar_id]">
				<right>0</right>
				<top>10</top>
				<width>40</width>
				<bottom>10</bottom>
				<onleft>50</onleft>
				<onright>50</onright>
				<orientation>vertical</orientation>
				<texturesliderbackground>Palantir/masks/scrollbk.png</texturesliderbackground>
				<texturesliderbar colordiffuse="button_focus">Palantir/masks/focus.png</texturesliderbar>
				<texturesliderbarfocus colordiffuse="button_focus_flix">Palantir/masks/focus.png</texturesliderbarfocus>
				<!-- <textureslidernib>nib.png</textureslidernib> -->
				<!-- <textureslidernibfocus>nib-focus.png</textureslidernibfocus> -->
				<include condition="!Integer.IsLess($PARAM[scrollbar_id],22000)">scrollWidgetP</include>
				<include condition="Integer.IsLess($PARAM[scrollbar_id],22000)">scrollWidgetKodi</include>
				<!-- <showonepage>false</showonepage> -->
				<!-- <hitrectcolor>yellow</hitrectcolor> -->
				<animation effect="zoom" end="50,100" time="300" tween="sine" center="40,0" easing="inout" condition="!Control.HasFocus($PARAM[scrollbar_id])">conditional</animation>
				<animation effect="slide" end="6,0" time="300" tween="sine" easing="inout" condition="!Control.HasFocus($PARAM[scrollbar_id])">conditional</animation>
			</control>
					<!-- 
			<control type="scrollbar" id="$PARAM[scrollbar_id]">
				<right>0</right>
				<top>0</top>
				<bottom>0</bottom>
				<height>300</height>
				<width>80</width>
				<onleft>50</onleft>
				<onright>50</onright>
				<orientation>vertical</orientation>
				<texturesliderbackground />
				<!- - <onclick>pageup($PARAM[scrollbar_id])</onclick> - ->
				<!- - <showonepage>false</showonepage> - ->
				<!- - <onclick>pagedown($PARAM[scrollbar_id])</onclick> - ->
				<hitrect x="0" y="0" w="120" h="100%" />
				<!- - <hitrectcolor>yellow</hitrectcolor> - ->
				<animation effect="fade" start="0" end="100" time="200" delay="300">Visible</animation>
				<animation effect="fade" start="100" end="0" time="200">Hidden</animation>
				<animation effect="slide" end="6,0" time="300" tween="sine" easing="inout" condition="!Control.HasFocus($PARAM[scrollbar_id])">conditional</animation>
			</control>-->
		</control> 
	</include>

	<include name="LogoSp">
		<control type="image" description="LogoSP">
			<texture>Palantir/logo.png</texture>
			<top>50</top>				
			<width>240</width>
			<left>80</left>
			<height>90</height>	
		</control>
		<control type="label">
			<label>Estuary Palantir v: $INFO[System.AddonVersion(skin.estuary.palantir)]</label>
			<font>font15_title</font>
			<left>80</left>
			<top>40r</top>
			<visible>!Window.Is(home)</visible>
		</control>
		<control type="label">
			<label>Palantir3 v: $INFO[System.AddonVersion(plugin.video.palantir3)]</label>
			<font>font15_title</font>
			<left>80</left>
			<top>60r</top>
			<visible>!Window.Is(home)</visible>
		</control>
	</include>

	<include name="contentSSC">
		<content target="$PARAM[widget_target]"  limit="$PARAM[limite]">$PARAM[content_path]</content>
	</include>
</includes>
