<?xml version="1.0" encoding="UTF-8"?>
<window>
	<defaultcontrol always="true">50</defaultcontrol>
	<backgroundcolor>background</backgroundcolor>
	<views>50,504,505,51,52,53,54,55,500,501,502,507,506</views>
	<menucontrol>9000</menucontrol>
	<controls>
	<include condition="!Control.IsVisible(504) | !Control.IsVisible(505)">DefaultBackground</include>
		<control type="group">
			<animation effect="fade" start="100" end="0" time="200" tween="sine" condition="$EXP[infodialog_active]">Conditional</animation>
			<include>View_50_List</include>
			<include>View_51_Poster</include>
			<include>View_52_IconWall</include>
			<include>View_53_Shift</include>
			<include>View_54_InfoWall</include>
			<include>View_55_WideList</include>
			<include>View_500_Wall</include>
			<include>View_501_Banner</include>
			<include>View_502_FanArt</include>
			<include>View_504_PalantirFlix</include>
			<include>View_505_PalantirFlixSeasons</include>
			<include>View_507_PalantirFlixSeasons2</include>
			<include>View_506_PalantirFlixEpisodes</include>
			<control type="group">
				<depth>DepthContentPanel</depth>
				<include>OpenClose_Left</include>
				<visible>Control.IsVisible(55)</visible>
				<include>Visible_Left</include>
				<include>ListThumbInfoPanel</include>
			</control>
			<control type="group">
				<depth>DepthContentPanel</depth>
				<include>OpenClose_Left</include>
				<visible>Control.IsVisible(50) | Control.Isvisible(54) | [Control.IsVisible(501) + String.IsEqual(Skin.AspectRatio,21:9)]</visible>
				<include>Visible_Left</include>
				<control type="group">
					<width>550</width>
					<!--PALANTIR Clearlogo /titulo-->
					<include content="Clearlogo">
						<param name="visible" value="Skin.HasSetting(MostrarClearlogoOtrasVistas)" />
						<param name="width" value="80%" />
						<param name="font">titulo_clear_peq</param>
					</include>
						
					<control type="grouplist">
						<visible>true</visible>
						<itemgap>10</itemgap>
						<orientation>horizontal</orientation>
						<height>25</height>
						<left>5%</left>
						<top>16%</top>
						<width>100%</width>
						<aligny>center</aligny>	

						<!--PALANTIR Anio-->	
						<control type="group">
							<width max="80">auto</width>
							<visible>!String.IsEmpty(ListItem.year)</visible>		
								<control type="grouplist">
								<itemgap>5</itemgap>
								<orientation>horizontal</orientation>
								<height>25</height>
								<top>0</top>
								<aligny>center</aligny>			
								<control type="image" description="img_year">
									<texture colordiffuse="malvapalantir">Palantir/icons/calendar.png</texture>
									<height>20</height>
									<width>20</width>
									<aligny>center</aligny>
									<visible>!String.IsEmpty(ListItem.year)</visible>
								</control>
								<control type="label">
									<label>$INFO[ListItem.Year]</label>
									<top>0</top>
									<width>auto</width>
									<align>left</align>
									<aligny>center</aligny>
									<font>font20_title</font>
									<visible>!String.IsEmpty(ListItem.year)</visible>
								</control>
							</control>
						</control>
						<!--PALANTIR duracion-->
						<control type="group">
							<width max="120">auto</width>
							<visible>!String.IsEmpty(ListItem.Duration)</visible>	
							<control type="grouplist">
								<itemgap>0</itemgap>
								<orientation>horizontal</orientation>
								<height>25</height>
								<top>0</top>
								<aligny>center</aligny>			
								<control type="image" description="img_duracion"> 
									<texture colordiffuse="malvapalantir">Palantir/icons/tiempo.png</texture>
									<height>20</height>
									<width>20</width>
									<aligny>center</aligny>	
									<visible>!String.IsEmpty(ListItem.Duration)</visible>
								</control>
								<control type="label">
									<label>$INFO[ListItem.Duration(H)]h $INFO[ListItem.Duration(mm)]min</label>
									<width>auto</width>
									<top>0</top>
									<align>left</align>
									<aligny>center</aligny>	
									<left>20</left>
									<font>font20_title</font>
									<visible>!String.IsEmpty(ListItem.Duration)</visible>
								</control>
							</control>
						</control>
							<!--Audio-->
						<control type="group">
							<width max="80">auto</width>
							<visible>!String.IsEmpty(ListItem.Property(P3IdiomaStr))</visible>
							<control type="grouplist">
								<itemgap>-5</itemgap>
								<orientation>horizontal</orientation>
								<height>25</height>
								<top>0</top>
								<aligny>center</aligny>
								<control type="image" description="onda">
									<texture colordiffuse="malvapalantir">Palantir/icons/onda.png</texture>
									<height>20</height>
									<width>20</width>
									<aligny>center</aligny>
									<visible>!String.IsEmpty(ListItem.Property(P3IdiomaStr))</visible>
								</control>
								<control type="image" description="img_idioma">
									<texture>Palantir/iconsIdioma/$INFO[ListItem.Property(P3IdiomaIco)].png</texture>
									<height>20</height>
									<width>60</width>
									<aligny>center</aligny>
									<aspectratio scalediffuse="false" align="center" aligny="center">keep</aspectratio>
									<visible>!String.IsEmpty(ListItem.Property(P3IdiomaStr))</visible>
								</control>
							</control>
						</control>

						<!--Calidades-->
						<control type="group">
							<width max="110">auto</width>
							<visible>!String.IsEmpty(ListItem.Property(P3Calidad))</visible>
							<control type="grouplist">
								<left>0</left>
								<itemgap>-5</itemgap>
								<orientation>horizontal</orientation>
								<height>25</height>
								<aligny>center</aligny>
								<control type="image" description="ojo">
									<texture colordiffuse="malvapalantir">Palantir/icons/ojo.png</texture>
									<height>20</height>
									<width>20</width>
									<aligny>center</aligny>
									<visible>!String.IsEmpty(ListItem.Property(P3Calidad))</visible>
								</control>
								<control type="image" description="img_video">
									<texture>Palantir/iconsVideoaudio/$VAR[iconVideoInfoline]</texture>
									<height>20</height>
									<width>80</width>
									<aligny>center</aligny>
									<aspectratio scalediffuse="false" align="center" aligny="center">keep</aspectratio>
									<visible>!String.IsEmpty(ListItem.Property(P3Calidad))</visible>
								</control>
							</control>
						</control>

						<!--Palantir: InfoSeries-->
						<control type="group">
							<width max="300">auto</width>
							<visible>String.IsEqual(ListItem.dbType,tvshow)</visible>
							<control type="grouplist">
								<left>0</left>
								<itemgap>15</itemgap>
								<orientation>horizontal</orientation>
								<height>25</height>
								<aligny>center</aligny>
								<control type="label">
									<label>$VAR[temporadas]</label>
									<top>0</top>
									<width>auto</width>
									<align>left</align>
									<aligny>center</aligny>
									<font>font20_title</font>
									<visible>!String.IsEmpty(ListItem.Property(P3TotalSeasons))</visible>
								</control>
								<control type="label">
									<label>$INFO[ListItem.Premiered]</label>
									<top>0</top>
									<width>auto</width>
									<align>left</align>
									<aligny>center</aligny>
									<font>font20_title</font>
									<visible>!String.IsEmpty(ListItem.Premiered)</visible>
								</control>
							</control>		
						</control>

							<!--MPAA-->
							<control type="group">
								<width max="30">auto</width>
								<control type="image" description="img_mpaa">
									<texture>Palantir/mpaa/$INFO[ListItem.Mpaa].png</texture>
									<height>20</height>
									<left>0</left>
									<width>30</width>
									<aligny>center</aligny>
									<visible>!String.IsEmpty(ListItem.Mpaa)</visible>
								</control>
							</control>
						</control>

						<include content="TituloConClearlogo">
							<param name="visible" value="!Skin.HasSetting(MostrarClearlogoOtrasVistas)" />
							<param name="top" value="17%"/>
							<param name="wrap" value="true"/>
							<param name="width" value="100%" />
							<param name="height" value="10%" />
							<param name="widthtext" value="400"/>
						</include>

					<!--PLOT-->
					<include content="Plot">
						<param name="visible" value="Player.HasVideo" />
						<param name="id" value="" />
						<param name="width" value="90%" />
						<param name="height" value="28%" />
					</include>
					<include content="Plot">
						<param name="visible" value="!Player.HasVideo" />
						<param name="id" value="" />
						<param name="width" value="90%" />
						<param name="height" value="60%" />
					</include>

					<control type="group">
						<description>Trailer video control</description>
						<left>7%</left>
						<top>55%</top>
						<width>90%</width>
						<height>25%</height>
						<!--aligny>centre</aligny-->
						<visible>Player.HasVideo</visible>
						<control type="videowindow"/>
						<control type="image">
							<texture colordiffuse="FF000000">Palantir/masks/trailer.png</texture>
						</control>
					</control>

					<!--texto info no disponible-->
					<control type="textbox">
						<left>30</left>
						<top>360</top>
						<width>530</width>
						<height>413</height>
						<align>center</align>
						<aligny>center</aligny>
						<font>font27</font>
						<textcolor>80FFFFFF</textcolor>
						<label>$LOCALIZE[19055]</label>
						<visible>String.IsEmpty(Listitem.Plot) + String.IsEmpty(Listitem.Tagline) + !ListItem.IsCollection + !ListItem.IsParentFolder</visible>
					</control>
					<include content="Genero">
						<param name="visible" value="true" />
						<param name="left" value="7%" />
						<param name="top" value="85%"/>
						<param name="width" value="100%"/>
						<param name="widthtext" value="500"/>
					</include>
					<include content="Ratings">
						<param name="visible" value="true" />
						<param name="left" value="7%" />
						<param name="top" value="90%"/>
					</include>
					<control type="group">
						<left>20</left>
						<top>245</top>
						<visible>ListItem.IsCollection + String.IsEmpty(ListItem.Plot)</visible>
						<include content="InfoList">
							<param name="bottom" value="108" />
							<param name="width" value="540" />
							<param name="sortby" value="year" />
							<param name="sortorder" value="ascending" />
							<param name="font" value="font13" />
						</include>
					</control>
				</control>
			</control>

			
			<include content="TopBar2" condition="Skin.HasSetting(MostrarBarraSuperior)">
				<param name="breadcrumbs_label" value="$VAR[BreadcrumbsVideoVar]" />
				<param name="top1800" value=""/>
				<param name="left1800" value="3%" />
				<param name="top18900" value="3%"/>
				<param name="left18900" value="3%" />
			</include>
			

			
			<include content="BottomBar">
				<param name="info_visible" value="true" />
			</include>
			<control type="group">
				<depth>DepthBars</depth>
				<bottom>0</bottom>
				<height>70</height>
				<animation effect="fade" start="0" end="100" time="300" delay="300">WindowOpen</animation>
				<animation effect="fade" start="100" end="0" time="200">WindowClose</animation>
				<!-- <include condition="Skin.HasSetting(MostrarMediaFlags)">MediaFlags</include> -->
			</control>
			<include>CommonScrollbars</include>
			<include>MediaMenuMouseOverlay</include>
			<control type="group">
				<include>MediaMenuCommon</include>
				<control type="grouplist" id="9000">
					<top>330</top>
					<include>MediaMenuListCommon</include>
					<control type="button" id="10">
						<description>Watched Toggle</description>
						<include>MediaMenuItemsCommon</include>
						<label>$LOCALIZE[20367]</label>
						<label2>[B]$INFO[Container.NumItems][/B]</label2>
						<visible>Container.Content(movies) | Container.Content(sets) | Container.Content(tvshows) | Container.content(seasons) | Container.Content(episodes) | Container.Content(MusicVideos)</visible>
					</control>
					<control type="label" id="203">
						<include>MediaMenuLabelCommon</include>
						<label>$LOCALIZE[31020]</label>
					</control>
					<control type="radiobutton" id="16">
						<description>PartyMode</description>
						<label>$LOCALIZE[589]</label>
						<include>MediaMenuItemsCommon</include>
						<visible>Container.Content(MusicVideos)</visible>
					</control>
					<control type="radiobutton" id="11">
						<description>Unlock Shares</description>
						<include>MediaMenuItemsCommon</include>
						<label>$LOCALIZE[20336]</label>
						<onclick>mastermode</onclick>
						<selected>system.ismaster</selected>
						<visible>system.haslocks</visible>
					</control>
					<control type="togglebutton" id="619">
						<description>Update library</description>
						<include>MediaMenuItemsCommon</include>
						<label>$LOCALIZE[653]</label>
						<onclick>UpdateLibrary(video)</onclick>
						<visible>!Container.Content(addons)+ String.IsEmpty(Container.PluginName)</visible>
						<altlabel>$LOCALIZE[13353]</altlabel>
						<usealttexture>library.isscanningvideo</usealttexture>
					</control>
					<control type="button" id="612">
						<description>Go to playlist</description>
						<include>MediaMenuItemsCommon</include>
						<label>$LOCALIZE[31056]</label>
						<onclick>ActivateWindow(videoplaylist)</onclick>
						<visible>Integer.IsGreater(Playlist.Length(video),0)</visible>
					</control>
					<control type="button" id="621">
						<description>Get more</description>
						<include>MediaMenuItemsCommon</include>
						<label>$LOCALIZE[21452]</label>
						<onclick>ActivateWindow(addonbrowser,addons://more/video/,return)</onclick>
						<visible>Container.Content(addons)</visible>
					</control>
					<control type="button" id="622">
						<include>MediaMenuItemsCommon</include>
						<label>$LOCALIZE[31117]</label>
						<onclick condition="System.AddonIsEnabled(plugin.library.node.editor)">ActivateWindow(programs,plugin://plugin.library.node.editor/?ltype=video,return)</onclick>
						<onclick condition="System.HasAddon(plugin.library.node.editor) + !System.AddonIsEnabled(plugin.library.node.editor)">EnableAddon(plugin.library.node.editor)</onclick>
						<onclick condition="!System.HasAddon(plugin.library.node.editor)">InstallAddon(plugin.library.node.editor)</onclick>
						<visible>Container.Content() + String.IsEmpty(Container.PluginName)</visible>
					</control>
					<control type="button" id="623">
						<include>MediaMenuItemsCommon</include>
						<label>$LOCALIZE[31009]</label>
						<onclick>InstallAddon(resource.images.studios.white)</onclick>
						<visible>Container.Content(studios) + !System.AddonIsEnabled(resource.images.studios.white)</visible>
					</control>
					<control type="button" id="624">
						<include>MediaMenuItemsCommon</include>
						<label>$LOCALIZE[10140] $INFO[Container.FolderName]</label>
						<onclick>Addon.OpenSettings($INFO[Container.PluginName])</onclick>
						<visible>!String.IsEmpty(Container.PluginName)</visible>
					</control>
					<control type="button" id="625">
						<include>MediaMenuItemsCommon</include>
						<label>Ajustes Skin Estuary Palantir</label>
						<onclick>Activatewindow(skinsettings)</onclick>
						<visible>true</visible>
					</control>
					<include>MediaMenuNowPlaying</include>
				</control>
			</control>
		</control>
	</controls>
</window>
