<?xml version="1.0" encoding="utf-8"?>
<window>
	<animation effect="fade" end="100" time="560">WindowOpen</animation>
	<animation effect="fade" start="100" end="0" time="240">WindowClose</animation>
	<controls>
		<control type="group">
			<visible>!Window.IsActive(startup) + !Player.Caching</visible>
			<animation effect="fade" time="400">VisibleChange</animation>

			<control type="group">
				<depth>DepthMax</depth>
				<centerleft>50%</centerleft>
				<centertop>50%</centertop>
				<width>80</width>
				<height>80</height>

				<control type="group" description="busy normal">
					<visible>String.IsEmpty(Window(home).Property(videoInWindow))</visible>
					<control type="image">
						<centerleft>50%</centerleft>
						<centertop>50%</centertop>
						<width>80</width>
						<height>80</height>
						<aspectratio>keep</aspectratio>
						<animation effect="rotate" end="-360" center="auto" time="600" delay="50" loop="true" reversible="false" condition="true">Conditional</animation>
						<texture colordiffuse="button_focus">spinner_2.png</texture>
					</control>
					<control type="image">
						<centerleft>50%</centerleft>
						<centertop>50%</centertop>
						<width>50</width>
						<height>50</height>
						<aspectratio>keep</aspectratio>
						<animation effect="rotate" end="360" center="auto" time="300" delay="50" loop="true" reversible="false" condition="true">Conditional</animation>
						<texture flipx="true" colordiffuse="button_focus">spinner_2.png</texture>
					</control>
				</control>

				<control type="image" description="busy youtube">
					<visible>!String.IsEmpty(Window(home).Property(videoInWindow))</visible>
					<centerleft>50%</centerleft>
					<centertop>50%</centertop>
					<width>120</width>
					<height>90</height>
					<texture>Palantir/icons/youtube3.png</texture>
					<animation effect="rotatey" start="360" end="0" center="auto" time="2000" loop="true" tween="Circle" Easing="InOut" condition="true">Conditional</animation>
				</control>
				

			</control>
		</control>
	</controls>
</window>
